Year,Animal,Vegetal,Sum,Animal Trade Correction,Animal Transport Correction,Vegetal Trade Correction,Vegetal Transport Correction,Animal Corrected,Vegetal Corrected,Sum Corrected,Country
2000,3363.1039066666663,1242.6544533333333,4605.75836,-4.807180943666063,0.5218743228643794,21.356685429783326,28.29251618173979,3358.8186000458645,1292.3036549448564,4651.122254990721,Austria
2001,3336.1382,1256.0508666666667,4592.189066666667,-5.820659799507575,0.4413812560233609,33.65218514222884,17.802875906833478,3330.7589214565155,1307.5059277157288,4638.264849172245,Austria
2002,3288.865373333333,1467.9180333333336,4756.783406666666,-5.9226773654933735,0.49279443903472575,21.275949972643062,3.5873434288890054,3283.4354904068746,1492.7813267348656,4776.21681714174,Austria
2003,3200.8231066666667,1985.2263266666666,5186.049433333334,-2.0891429699402355,0.6500485648242071,30.829339722028497,3.7270347820030776,3199.3840122615507,2019.7827011706981,5219.166713432249,Austria
2004,3145.9088733333338,1145.4243400000003,4291.333213333334,-8.803510584898849,0.544992402737886,16.564868646811767,4.204531387488703,3137.650355151173,1166.1937400343008,4303.844095185474,Austria
2005,3135.3369866666662,1150.1235199999999,4285.460506666666,-11.302569414990261,0.638569456466203,4.64397184259028,3.7438641689939964,3124.672986708142,1158.511356011584,4283.184342719726,Austria
2006,3092.7961333333337,1118.5239333333334,4211.320066666667,-9.546819744093918,0.6267963464421267,21.661612103920522,3.6721200611186435,3083.8761099356816,1143.8576654983726,4227.733775434054,Austria
2007,3071.210106666666,1054.9209133333334,4126.131019999999,-13.079775097726396,0.37476756887852614,61.61959313489998,2.5267463577410707,3058.5050991378184,1119.0672528259745,4177.572351963793,Austria
2008,3090.192246666667,1103.9347066666667,4194.126953333333,-15.494658357060079,0.3752313225852487,71.95932039072838,4.33596637890775,3075.072819632192,1180.2299934363027,4255.302813068494,Austria
2009,3069.9927133333335,1055.305466666667,4125.298180000001,-13.15474280408286,0.403259788701807,26.434398617025,3.7803748214324577,3057.241230317952,1085.5202401051242,4142.761470423076,Austria
2010,3111.8391866666666,1082.6466266666666,4194.485813333333,-15.675198792162314,0.3672859369664918,42.48458896689071,2.945965660429603,3096.531273811471,1128.077181293987,4224.608455105457,Austria
2011,3100.05376,1116.0989933333333,4216.152753333333,-16.667246795974954,0.35739229269617145,27.66343007786484,2.8091459545964654,3083.7439054967213,1146.5715693657946,4230.315474862516,Austria
2012,3046.6608866666666,1155.0545733333333,4201.715459999999,-12.671207518901213,0.5966811277194379,84.9370168600091,3.761833755818587,3034.586360275485,1243.753423949161,4278.339784224646,Austria
2013,3022.2330133333335,1159.8260333333333,4182.059046666667,-11.147979920902191,0.3551764626532451,98.69944571483012,2.9862670060776693,3011.4402098750843,1261.511746054241,4272.951955929326,Austria
2014,3025.865353333333,1227.1980666666668,4253.06342,-13.821703095197588,0.258697492792111,94.09259623047451,3.634861504717242,3012.3023477309275,1324.9255244018586,4337.227872132786,Austria
2015,3029.8510733333337,1219.6013466666668,4249.4524200000005,-12.279750274847595,0.20173516137361105,138.95000885804984,3.0972589378396136,3017.7730582198596,1361.6486144625562,4379.421672682416,Austria
2016,3025.1748666666667,1238.1544933333337,4263.329360000001,-11.536414797410922,0.2761846599963532,175.02490366822255,3.117499306505422,3013.914636529252,1416.2968963080616,4430.211532837314,Austria
2017,3028.551433333333,1190.0741533333335,4218.625586666667,-8.857643068393287,0.2938984121391349,173.44194511887804,2.618266524343845,3019.987688677079,1366.1343649765554,4386.122053653635,Austria
2000,4583.436680000001,954.3329466666669,5537.769626666668,36.53021125550573,3.2118598457428083,23.022211996842675,74.0362968551224,4623.178751101249,1051.391455518632,5674.570206619881,Belgium
2001,4549.62486,925.6168266666666,5475.241686666666,33.87991878616287,3.2623123724006384,47.02690329384735,76.0525111915756,4586.767091158564,1048.6962411520894,5635.463332310654,Belgium
2002,4360.800693333334,1564.06168,5924.862373333333,30.450908931949048,3.7545446109869913,49.575384221262944,81.71438087144324,4395.00614687627,1695.3514450927062,6090.357591968976,Belgium
2003,4173.804853333333,1529.6929866666667,5703.49784,30.5394160770929,3.495371468144075,47.19386468164815,77.76747331738707,4207.83964087857,1654.654324665702,5862.493965544272,Belgium
2004,4102.365353333333,1517.08098,5619.446333333332,25.34565828517003,3.6333954969498086,44.011515848697435,78.31965843783657,4131.344407115453,1639.412154286534,5770.756561401987,Belgium
2005,4038.736186666666,1492.8773866666668,5531.613573333333,23.383069282452333,3.867404423995744,39.38922135991577,81.03715055496026,4065.986660373114,1613.303758581543,5679.290418954657,Belgium
2006,3987.87704,1455.4233399999996,5443.30038,12.62050268529168,3.7580815339785008,38.48841770195936,93.26730462308603,4004.25562421927,1587.179062325045,5591.434686544315,Belgium
2007,3949.5580333333337,1503.3986066666666,5452.95664,30.267294545010714,4.739257644641814,48.30109611001247,92.82494223997335,3984.5645855229864,1644.5246450166524,5629.089230539639,Belgium
2008,3921.394546666667,1447.302946666667,5368.697493333334,22.791969783837285,4.9664885725397525,41.17055432525751,81.44812103310396,3949.153005023044,1569.9216220250285,5519.074627048072,Belgium
2009,3928.855733333334,1540.6973,5469.553033333334,20.786775784620463,4.933388237026043,66.25254472869509,82.6022496055613,3954.5758973549805,1689.5520943342565,5644.127991689237,Belgium
2010,3901.6241266666666,1602.31372,5503.937846666667,17.72203817992993,4.961645462882088,77.85622924048741,98.45243822419464,3924.3078103094786,1778.622387464682,5702.930197774161,Belgium
2011,3862.96328,1579.15212,5442.1154,9.56603973198954,4.069379292253987,58.990081624105166,89.30656622118943,3876.598699024243,1727.4487678452947,5604.047466869538,Belgium
2012,3791.8582399999996,1565.5290533333336,5357.387293333333,14.414806463973667,4.07441552021484,74.34370596721388,93.50202136209748,3810.3474619841877,1733.3747806626452,5543.7222426468325,Belgium
2013,3728.8155333333334,1573.5785533333333,5302.394086666667,6.429383344906513,3.728605521918885,65.92509754486836,95.76460756127722,3738.9735222001586,1735.2682584394788,5474.241780639637,Belgium
2014,3793.7219133333333,1616.0066533333334,5409.728566666667,0.7002322434088687,3.3456608979518885,51.06360275231852,93.00646463698975,3797.7678064746938,1760.0767207226415,5557.844527197335,Belgium
2015,3834.8946733333332,1631.8664133333332,5466.761086666666,-13.367418097368096,2.443880221847604,57.74217837001014,94.26992220446628,3823.9711354578126,1783.8785139078095,5607.849649365622,Belgium
2016,3812.1555400000007,1551.1461799999997,5363.30172,-14.896522488753584,1.9832187598214976,70.7822924283668,96.56641560398211,3799.2422362710686,1718.4948880323486,5517.737124303418,Belgium
2017,3672.178413333333,1545.85674,5218.035153333333,-13.315018672693729,2.0879385351664808,83.34396468256324,96.3219318586267,3660.9513331958055,1725.5226365411897,5386.473969736995,Belgium
2000,1845.5304333333333,1266.1470599999998,3111.677493333333,,,,,,,,Bulgaria
2001,1706.1070666666667,1440.877993333333,3146.98506,22.552839039658096,1.406430516660509,218.14606406450147,20.281832104298353,1730.0663362229852,1679.3058895021327,3409.372225725118,Bulgaria
2002,1467.9887533333333,1919.4397333333332,3387.4284866666667,56.60055456794439,3.3956925921888708,142.23744434238978,7.9167828837622185,1527.9850004934665,2069.593960559485,3597.5789610529514,Bulgaria
2003,1560.2516799999999,1940.90152,3501.1531999999997,96.23160307937793,5.168970240679228,113.8723576700693,13.465237975648582,1661.652253320057,2068.239115645718,3729.8913689657747,Bulgaria
2004,1571.58662,1777.5148733333333,3349.1014933333336,123.63730155159526,6.409811792034258,175.3638831010841,11.561634888033955,1701.6337333436297,1964.4403913224514,3666.074124666081,Bulgaria
2005,1526.0384333333332,1470.6994533333334,2996.737886666667,83.13261879215253,4.3615772917092865,276.1862648547221,6.119354648069551,1613.5326294171948,1753.005072836125,3366.53770225332,Bulgaria
2006,1433.45594,1257.76338,2691.21932,65.47033886581183,3.4331361157058065,452.9816818564673,4.471603905815657,1502.3594149815176,1715.2166657622831,3217.576080743801,Bulgaria
2007,1446.4605666666666,1431.2586599999997,2877.719226666666,8.675597148236697,0.5917826469309445,858.1969554625392,10.77763952935546,1455.7279464618343,2300.2332549918942,3755.961201453729,Bulgaria
2008,1375.2372399999997,1623.2546000000002,2998.4918399999997,15.006644511745494,0.9826280922327157,776.4323625920479,11.674887655543381,1391.2265126039779,2411.3618502475915,3802.5883628515694,Bulgaria
2009,1296.78266,1856.5355200000001,3153.31818,10.833550462262659,0.8708207956694973,385.5941208179765,11.396197627210693,1308.4870312579321,2253.525838445187,3562.0128697031196,Bulgaria
2010,1179.5786400000002,1851.5292799999995,3031.1079199999995,14.738135262818023,1.313265638790244,481.95151728641054,10.967294197762174,1195.6300409016085,2344.4480914841724,3540.078132385781,Bulgaria
2011,1180.06432,2299.3448266666664,3479.4091466666664,18.52340284180224,1.4404922832585723,228.49621261356992,9.49669884341817,1200.0282151250608,2537.337738123654,3737.365953248715,Bulgaria
2012,1191.72696,1733.8335133333333,2925.560473333333,8.295628838143768,0.9226413480210587,456.40621753758745,12.038092243370173,1200.9452301861647,2202.2778231142906,3403.2230533004554,Bulgaria
2013,1115.1554466666666,2013.6420199999998,3128.7974666666664,10.418325207639933,1.081569821284717,366.027858850048,11.074569774393774,1126.6553416955915,2390.7444486244417,3517.3997903200334,Bulgaria
2014,1175.3369666666667,2049.11122,3224.4481866666665,16.4764254588804,0.9217222228034415,425.55896681605475,14.384851135955353,1192.7351143483506,2489.0550379520096,3681.79015230036,Bulgaria
2015,1137.55982,2159.99112,3297.55094,5.599068330696932,0.9912924303120085,453.21514128454623,16.008267250955882,1144.150180761009,2629.2145285355023,3773.364709296511,Bulgaria
2016,1128.8985400000001,2189.3374466666664,3318.2359866666666,9.915613441233283,1.2138685182561748,447.5102498194841,12.047921612709182,1140.0280219594897,2648.89561809886,3788.9236400583495,Bulgaria
2017,1129.8439266666667,2211.948573333333,3341.7924999999996,5.397818444186096,0.9585724224658716,593.1034092890623,15.178486092603148,1136.2003175333186,2820.2304687149986,3956.4307862483174,Bulgaria
2000,968.4360200000001,780.0580266666666,1748.4940466666667,-1.0738616270670729,0.27822673447515983,-16.600626040991706,5.5112655599439435,967.6403851074082,768.9686661856188,1736.6090512930268,Croatia
2001,984.4281666666667,725.6620866666668,1710.0902533333335,-3.018345501262381,0.21446695885772377,-19.924082852974294,6.911893156903834,981.6242881242621,712.6498969705964,1694.2741850948585,Croatia
2002,976.08272,867.3231466666667,1843.4058666666667,4.287917689784611,0.8100855556961902,-7.097319080089101,6.876146668448578,981.1807232454809,867.1019742550262,1848.282697500507,Croatia
2003,986.2153533333333,802.0166866666665,1788.2320399999999,0.7902444217608785,0.8494914181851774,2.186784971319696,6.483638439788293,987.8550891732793,810.6871100777745,1798.5421992510537,Croatia
2004,1056.36774,939.4830466666667,1995.8507866666666,6.785188619074315,0.7212532531104082,68.77159573744619,8.349315652002362,1063.8741818721846,1016.6039580561153,2080.4781399283,Croatia
2005,1051.5272999999997,836.0791200000001,1887.6064199999998,6.451292836933389,0.584624896322872,75.0312641454076,6.442427445272548,1058.563217733256,917.5528115906802,1976.1160293239361,Croatia
2006,1058.2170800000001,1139.3749800000003,2197.5920600000004,27.82295191611327,1.3738770670212288,126.70739558526107,4.9877305694496,1087.4139089831347,1271.070106154711,2358.4840151378457,Croatia
2007,1024.1620733333332,1205.1762999999999,2229.338373333333,23.157668782005306,2.226871961828846,120.46823806765858,4.769588578476795,1049.5466140771673,1330.4141266461352,2379.9607407233025,Croatia
2008,969.4117266666667,1448.4556266666666,2417.867353333333,38.10448433391916,2.907517867599794,139.77768592606492,5.0674741490352995,1010.4237288681857,1593.3007867417668,2603.7245156099525,Croatia
2009,962.29352,711.3119133333333,1673.6054333333332,35.406283314933184,4.269596172721137,116.78867953607964,5.2827833449639074,1001.9693994876542,833.3833762143769,1835.352775702031,Croatia
2010,925.1720066666667,790.16036,1715.3323666666665,44.28163529301839,2.9474202993719,118.23140539867481,5.5641732515625835,972.401062259057,913.9559386502374,1886.3570009092944,Croatia
2011,928.5712866666668,880.6680799999999,1809.2393666666667,17.727087485359043,1.6980781493368173,66.19751753339398,5.854440838249961,947.9964523013625,952.7200383716438,1900.7164906730063,Croatia
2012,934.7193799999999,735.3790200000001,1670.0983999999999,23.456470464633846,1.6254594791520796,115.69286327912968,3.305482076817093,959.8013099437858,854.3773653559468,1814.1786752997327,Croatia
2013,889.5140933333333,617.0714200000001,1506.5855133333334,15.342944349323988,0.9924002984355951,99.51038872604092,3.554964195855906,905.8494379810928,720.1367729218969,1625.9862109029896,Croatia
2014,902.3081133333334,594.7122266666667,1497.02034,-2.091159783738526,0.04177484593311476,113.47962580531278,12.503982489024871,900.258728395528,720.6958349610044,1620.9545633565324,Croatia
2015,878.71956,652.0123866666667,1530.7319466666668,-1.3292816592576815,0.03899941694263167,150.26114398125927,11.043033352255566,877.4292777576849,813.3165640001814,1690.7458417578664,Croatia
2016,878.6063333333333,614.2055199999999,1492.8118533333331,-0.7695649437190943,0.04680365193815377,110.83340630334398,11.248567063147547,877.8835720415524,736.2874933664914,1614.171065408044,Croatia
2017,883.9657266666666,692.3504999999999,1576.3162266666664,14.638771838915911,0.3684987863600026,120.95673657260913,10.26876296009566,898.9729972919424,823.5759995327046,1722.548996824647,Croatia
2000,184.9183,66.39211999999999,251.31041999999997,1.0944374170688835,0.20306731444326462,4.9518959697556015,3.8603445338867504,186.21580473151215,75.20436050364233,261.4201652351545,Cyprus
2001,201.67394000000002,72.74564,274.41958,1.0924986217716819,0.20074596506972958,10.248813510583513,5.19523190035181,202.96718458684143,88.18968541093533,291.15686999777677,Cyprus
2002,214.20468,79.27165333333333,293.47633333333334,0.9548382381005589,0.21486127938385421,12.787105519984726,6.622270097163849,215.3743795174844,98.6810289504819,314.05540846796634,Cyprus
2003,202.57632666666666,84.37457333333333,286.9509,0.7919105859731528,0.2105334723319678,10.507547759389759,5.822073156451115,203.57877072497178,100.7041942491742,304.28296497414595,Cyprus
2004,198.29968666666667,74.5226,272.8222866666667,2.6026093536102803,0.25698230456024673,5.1878314676811215,3.049152420429877,201.1592783248372,82.759583888111,283.91886221294817,Cyprus
2005,183.13947333333334,65.80056666666667,248.94004,4.111534519231661,0.19835952878379237,10.222953290403428,5.283085980592568,187.4493673813488,81.30660593766267,268.75597331901145,Cyprus
2006,186.34681333333333,64.11686666666665,250.46367999999998,2.195299346749039,0.17741041319798032,6.999918338175127,7.2128324392456955,188.71952309328034,78.32961744408748,267.0491405373678,Cyprus
2007,183.23752,62.46344666666668,245.70096666666666,6.392994677671633,0.29808023579221443,9.812502150213986,6.613046977509678,189.92859491346383,78.88899579439034,268.81759070785415,Cyprus
2008,182.40543333333332,53.86743333333333,236.27286666666666,4.2728907950535735,0.31895358862290446,10.542870973997132,11.544917722947357,186.9972777170098,75.95522203027782,262.9524997472876,Cyprus
2009,179.41152,65.43802666666666,244.84954666666664,8.17265648197366,0.4000027223368713,10.199497293721098,4.756528628354885,187.98417920431052,80.39405258874264,268.37823179305315,Cyprus
2010,187.56493333333333,71.79533333333333,259.3602666666667,5.153209835901919,0.2547001532614632,7.563744724540601,5.428481874584346,192.97284332249671,84.78755993245828,277.760403254955,Cyprus
2011,188.12243999999998,66.33536666666667,254.45780666666667,4.543600511674496,0.35620710420241086,4.759927986993226,4.296349809998119,193.0222476158769,75.39164446365801,268.4138920795349,Cyprus
2012,181.04843999999997,70.31115333333335,251.35959333333332,8.253321939700214,0.3972195991906052,4.613763799025466,4.534431981803977,189.6989815388908,79.45934911416279,269.15833065305355,Cyprus
2013,168.90386,58.18132666666667,227.0851866666667,4.9547920942297905,0.3021450375405652,5.172878474866979,6.891800010435516,174.16079713177035,70.24600515196916,244.40680228373952,Cyprus
2014,172.21440666666666,52.25308666666667,224.46749333333332,3.641628360087627,0.25782681562824644,5.736973789321893,7.211745242708368,176.11386184238253,65.20180569869693,241.31566754107945,Cyprus
2015,168.60929333333334,64.26048,232.86977333333334,2.97408087353354,0.19842828630504789,6.588562031462837,5.985923374393945,171.78180249317194,76.83496540585679,248.61676789902873,Cyprus
2016,174.09452,60.40722666666666,234.50174666666663,3.6269801985262236,0.21316372970503852,5.102824818368925,7.511192871858936,177.93466392823123,73.02124435689453,250.95590828512576,Cyprus
2017,181.69387333333333,62.274586666666664,243.96846,1.3178279290851562,0.15785013322351302,5.58900080544988,4.43037609252481,183.169551395642,72.29396356464136,255.46351496028336,Cyprus
2000,2280.01996,1951.2145266666666,4231.234486666666,20.83860968406139,3.7588279987165847,-8.553092165549671,17.987869942646633,2304.617397682778,1960.6493044437636,4265.2667021265415,Czechia
2001,2263.0518599999996,2189.218506666667,4452.270366666667,14.683123173802343,2.9588778440577794,3.813435132409855,23.384986175160183,2280.69386101786,2216.416927974237,4497.110788992097,Czechia
2002,2162.45664,1619.8147666666666,3782.2714066666667,13.339288784047438,2.5097795122441213,29.23223650359512,19.903382165145885,2178.3057082962914,1668.9503853354076,3847.256093631699,Czechia
2003,2097.5497333333333,1668.10176,3765.6514933333333,19.659070678147426,3.0602990432552772,35.9247313901395,21.083670142887073,2120.269103054736,1725.1101615330265,3845.379264587763,Czechia
2004,2018.5091066666669,1734.6426,3753.1517066666665,21.887387474392455,3.3466453319239275,42.28518061752644,19.582615426213493,2043.7431394729833,1796.51039604374,3840.2535355167233,Czechia
2005,1976.05142,1708.3354466666667,3684.3868666666667,13.405594722227454,1.7882252721075946,-39.90312461634976,79.49652417124048,1991.2452399943352,1747.9288462215575,3739.1740862158927,Czechia
2006,1941.2072,1685.1606466666672,3626.367846666667,4.855204567522923,0.919272329149837,76.36216263027944,10.997941133223993,1946.9816768966728,1772.5207504301707,3719.5024273268436,Czechia
2007,1954.64718,1777.7269733333333,3732.374153333333,6.483211166504578,1.2398148875813952,120.8933492682943,11.269248382703628,1962.3702060540859,1909.8895709843312,3872.2597770384173,Czechia
2008,1941.6146133333332,1749.7631866666666,3691.3777999999998,3.4649564134554636,1.1757180711525952,147.5784363900819,10.994732053648509,1946.2552878179413,1908.3363551103969,3854.591642928338,Czechia
2009,1865.7049799999998,1718.6124266666666,3584.317406666666,4.269247571991493,1.1545752532954208,121.40156146495042,7.416835822406407,1871.1288028252866,1847.4308239540235,3718.55962677931,Czechia
2010,1834.2609133333335,1725.4402266666666,3559.70114,1.5946697846426472,1.1085641623304447,259.501167001269,7.4137790995566215,1836.9641472803066,1992.3551727674924,3829.319320047799,Czechia
2011,1816.4098800000002,1811.4460133333337,3627.855893333334,2.6612684039545353,1.561324790702104,152.6901339111247,11.211705394354214,1820.632473194657,1975.3478526388124,3795.9803258334696,Czechia
2012,1813.7771200000004,2121.4472533333333,3935.2243733333335,4.323147648048,1.9176469207346045,310.7100078485415,9.421612381027108,1820.017914568783,2441.5788735629017,4261.596788131685,Czechia
2013,1819.1208800000002,2138.8856399999995,3958.00652,-2.1966958614088647,1.0772115501768718,351.1126178185163,10.08618116164915,1818.001395688768,2500.084438980165,4318.085834668933,Czechia
2014,1841.080893333333,2180.37264,4021.4535333333333,-3.5647525045808863,0.7263058069965974,207.9986879812783,8.40670336176813,1838.2424466357488,2396.778031343046,4235.020477978795,Czechia
2015,1871.925953333333,2460.00056,4331.926513333333,-3.3287790279180784,0.873577182650444,245.54060667254302,7.06466667630033,1869.4707514880654,2712.6058333488436,4582.076584836909,Czechia
2016,1881.9473266666666,2504.9553,4386.902626666667,-4.039563044367279,0.8359660498279606,206.43109447720363,6.206759223659927,1878.7437296721273,2717.5931537008637,4596.336883372991,Czechia
2017,1888.9186933333335,2290.860033333334,4179.778726666667,-6.12125672435505,0.8660321539673937,301.26835957259823,5.59198300049613,1883.6634687629457,2597.7203759064278,4481.3838446693735,Czechia
2000,3757.4634266666662,2474.825693333333,6232.2891199999995,-50.329914354029,0.9751302737272934,-49.27726394407432,12.505536586698836,3708.1086425863646,2438.0539659759575,6146.162608562322,Denmark
2001,3846.3950466666665,2404.96482,6251.359866666667,-55.62342202912425,0.7034077261712097,-37.918814049420725,16.692074166206027,3791.475032363713,2383.7380801167856,6175.213112480498,Denmark
2002,3740.007786666667,2143.1619466666666,5883.169733333334,-59.81727374304646,0.9075527662390841,-23.744487106637315,18.358432216512337,3681.0980656898596,2137.775891776542,5818.873957466401,Denmark
2003,3669.552346666667,2404.138453333333,6073.6908,-66.16565720164951,1.557112763638961,-29.4793075283893,15.046793101148081,3604.9438022286563,2389.705938906092,5994.649741134748,Denmark
2004,3582.240733333334,2240.4018866666665,5822.6426200000005,-59.83198512585649,0.9415424397231317,6.18981311166489,20.111688498549878,3523.3502906472004,2266.7033882768815,5790.053678924081,Denmark
2005,3513.52198,2241.50364,5755.02562,-28.92498917711391,1.882751739174655,-0.4727894216533516,16.11505118218635,3486.479742562061,2257.145901760533,5743.625644322594,Denmark
2006,3444.30138,2247.5005733333333,5691.801953333334,-44.100201314786055,1.0175575680557853,3.955510864860574,12.216046763895466,3401.21873625327,2263.6721309620893,5664.890867215359,Denmark
2007,3501.1796866666664,2256.3795266666666,5757.559213333333,-50.465702610749986,1.0451707343840146,2.7553095600988176,11.693443016585032,3451.7591547903007,2270.8282792433506,5722.587434033651,Denmark
2008,3426.6980399999998,2366.1153400000003,5792.81338,-53.929803954419135,0.9561563418971557,1.0766355711620836,15.278911350533619,3373.7243923874776,2382.470886921696,5756.195279309173,Denmark
2009,3370.7341466666667,2267.7444266666666,5638.478573333334,-59.71392607307737,0.7383005908505205,25.111061941978782,20.554716826592937,3311.75852118444,2313.4102054352384,5625.168726619679,Denmark
2010,3489.635433333333,2213.804146666667,5703.43958,-70.75975968114602,0.6620126226302903,-39.02457432950057,15.710579798043362,3419.537686274817,2190.49015213521,5610.0278384100275,Denmark
2011,3459.8980600000004,2219.4786200000003,5679.376680000001,-56.13955103279133,0.558886903359483,0.848478676759137,8.15964363754035,3404.317395870569,2228.4867423142996,5632.804138184869,Denmark
2012,3478.201946666666,2257.5560066666667,5735.757953333333,-62.249952633798515,0.48718269754679816,0.665856096249702,13.161447942237512,3416.4391767304146,2271.3833107051537,5687.822487435568,Denmark
2013,3454.669373333333,2185.6443133333337,5640.313686666666,-52.930358710302016,0.6225404230083829,-15.184520289476827,9.864000121552532,3402.3615550460395,2180.3237931654094,5582.685348211449,Denmark
2014,3397.928006666667,2330.122586666667,5728.050593333333,-51.39351514826657,0.5614484716739122,-16.87844366257861,10.619819305035584,3347.0959399900744,2323.8639623091235,5670.959902299198,Denmark
2015,3403.6301466666664,2433.5237733333333,5837.15392,-53.75409837340923,0.5272845770364949,-31.753661701532764,19.99475765353411,3350.4033328702935,2421.764869285335,5772.168202155628,Denmark
2016,3417.18808,2407.276406666667,5824.464486666667,-58.91014665383352,0.41546859284445786,-4.297589762790728,13.201218027713649,3358.6934019390105,2416.18003493159,5774.873436870601,Denmark
2017,3390.677646666667,2409.48398,5800.161626666667,-46.34643281629641,0.3524989795825479,13.299332010491682,17.916269297111246,3344.683712829953,2440.699581307603,5785.383294137556,Denmark
2000,467.5053066666667,650.7072733333333,1118.21258,-4.0780359030224265,0.6026328963176197,0.9057229988727725,4.031731411145164,464.02990365996186,655.6447277433513,1119.674631403313,Estonia
2001,446.1793533333333,632.7671866666667,1078.94654,3.3523384890072783,0.7268984754959377,2.0993043991940508,2.42473993809318,450.2585902978365,637.2912310039538,1087.5498213017904,Estonia
2002,455.7639,623.1441733333334,1078.9080733333333,1.358735271999208,0.3074697878880025,2.7133711415488078,5.43334085833695,457.4301050598872,631.2908853332191,1088.7209903931061,Estonia
2003,433.99061333333333,648.9831133333332,1082.9737266666666,4.446403355818328,0.7749546390698743,3.1236240134203515,5.728572506532693,439.2119713282215,657.8353098532863,1097.0472811815077,Estonia
2004,439.19756,666.1061266666667,1105.3036866666666,2.417738321017524,0.33512277203880636,0.6884711491392489,1.5456302607183794,441.9504210930563,668.3402280765242,1110.2906491695805,Estonia
2005,431.93558666666667,653.4478333333333,1085.38342,-0.3821410130835721,0.03285504467637808,0.9052000158724854,3.374037201794326,431.58630069825944,657.7270705510001,1089.3133712492595,Estonia
2006,429.55318666666665,658.8910733333332,1088.4442599999998,-0.9340966605620774,0.08763444003951407,-35.213013575644,1.6713466915442163,428.70672444614405,625.3494064492335,1054.0561308953775,Estonia
2007,421.7988866666667,681.2640666666667,1103.0629533333336,-0.12207060171132424,0.08979164286368366,-26.15932563003304,1.7867070679502985,421.7666077078191,656.8914481045839,1078.658055812403,Estonia
2008,416.1081533333333,726.85338,1142.9615333333334,-0.9656568749339269,0.11795807466861898,12.059644350808632,1.5869883809993783,415.26045453306796,740.500012731808,1155.760467264876,Estonia
2009,406.50892,693.89902,1100.40794,0.7534950128072789,0.11370914626036345,11.293710420967633,0.9861069275959309,407.3761241590676,706.1788373485635,1113.554961507631,Estonia
2010,402.86905333333334,696.7089066666667,1099.57796,-1.9722173297524213,0.12005065360922014,-11.107341793407098,0.883437015004763,401.0168866571901,686.4850018882645,1087.5018885454547,Estonia
2011,405.90506,709.57744,1115.4825,-2.3819896142354366,0.15982751061657552,-51.47511926026229,0.5978024215103224,403.6828978963811,658.700123161248,1062.383021057629,Estonia
2012,408.3268933333333,733.10104,1141.4279333333334,-4.853363690162119,0.09561473198226031,-43.39689323015155,0.5284519894901631,403.5691443751535,690.2325987593385,1093.801743134492,Estonia
2013,416.6219533333333,738.2629666666667,1154.88492,-6.7250885905128515,0.0833999503696274,-92.32885410052579,1.2567525867473264,409.9802646931901,647.1908651528883,1057.1711298460784,Estonia
2014,433.2831933333333,759.6143199999999,1192.8975133333333,-6.258167130466769,0.14398864837150394,-113.44875419835435,0.6473455980362991,427.16901485123805,646.8129113996819,1073.98192625092,Estonia
2015,434.86048666666665,776.80654,1211.6670266666667,-4.807961668307324,0.07908652413254874,-184.12031051879202,0.8666300163886451,430.1316115224919,593.5528594975966,1023.6844710200885,Estonia
2016,416.00163333333336,747.7508333333333,1163.7524666666666,-6.254587427450435,0.17673081649309952,-152.45718186295605,1.0133438534212407,409.92377672237603,596.3069953237984,1006.2307720461745,Estonia
2017,398.75202666666667,764.4815866666667,1163.2336133333333,-6.037668629055393,0.14311655123882946,-109.51224955690574,0.3980381546193351,392.8574745888501,655.3673752643803,1048.2248498532304,Estonia
2000,1676.0850733333334,2312.6209799999997,3988.7060533333333,-1.3247121320865203,0.12432672709021167,-45.35542274459031,8.341000700347195,1674.8846879283371,2275.6065579557567,3950.4912458840936,Finland
2001,1640.8173400000003,2286.3547,3927.1720400000004,-1.2672491042901006,0.11142701915851745,-130.58033191271335,8.39214353443004,1639.6615179148687,2164.1665116217164,3803.828029536585,Finland
2002,1629.9603799999998,2369.54552,3999.5059,-2.628795139953654,0.09110618706367117,-73.9095500447612,10.019136953176265,1627.4226910471098,2305.6551069084153,3933.077797955525,Finland
2003,1599.95726,2308.4839133333335,3908.4411733333336,-2.511547692148977,0.1481179472856093,-75.99624583854764,9.137788120104712,1597.5938302551365,2241.6254556148906,3839.2192858700273,Finland
2004,1552.0014266666667,2364.9348999999997,3916.9363266666664,-2.1274005285110666,0.12023567767748058,-24.696509338291797,8.684926365757507,1549.9942618158332,2348.923317027465,3898.9175788432985,Finland
2005,1532.00934,2470.9809933333336,4002.9903333333336,-0.47660576035275903,0.18925180985347692,-12.792078867090089,9.668359720748153,1531.7219860495006,2467.8572741869916,3999.5792602364922,Finland
2006,1520.3525333333334,2313.465473333333,3833.8180066666664,-1.682697273189208,0.1858755825824362,-25.82531764875353,8.599522789055841,1518.8557116427266,2296.239678473635,3815.095390116362,Finland
2007,1483.9035933333332,2439.2204866666666,3923.1240799999996,-0.5485158925664743,0.24504986889212949,-55.608229858851146,7.325226216001559,1483.600127309659,2390.937483023817,3874.537610333476,Finland
2008,1469.0216133333333,2623.5806199999997,4092.602233333333,-2.3245437984920985,0.19436261263299187,-30.908153537144642,8.53775550994629,1466.8914321474742,2601.2102219728013,4068.1016541202753,Finland
2009,1463.35184,2411.8618199999996,3875.2136599999994,-1.0656405819325763,0.27412402924618345,-11.088419963831148,9.193389095569602,1462.5603234473137,2409.966789131738,3872.527112579052,Finland
2010,1471.9062733333333,2530.1628800000003,4002.069153333334,-2.6672543369783095,0.21063760411066804,-33.054407578311206,8.513166927393891,1469.4496566004657,2505.6216393490827,3975.0712959495486,Finland
2011,1454.1581666666664,2260.6871333333333,3714.8453,-3.575147407393555,0.18071339141067164,-41.00016477575296,7.853052409499059,1450.7637326506833,2227.5400209670793,3678.3037536177626,Finland
2012,1447.02692,2264.053906666667,3711.0808266666672,-2.9626062989798,0.17937029770433757,-33.991099342253634,7.509560848543635,1444.2436839987245,2237.572368172957,3681.8160521716813,Finland
2013,1448.6575400000002,2282.27418,3730.93172,-3.5463671174808784,0.15696560546581534,-6.881184162842478,7.921711665761486,1445.268138487985,2283.3147075029187,3728.5828459909035,Finland
2014,1449.14878,2331.525086666667,3780.673866666667,-6.106092641765032,0.09384522004365786,-24.153697741250966,6.672704446008431,1443.1365325782785,2314.0440933714244,3757.180625949703,Finland
2015,1452.1761733333335,2295.320133333333,3747.496306666667,-3.760777334949545,0.21694086563811887,-4.811841408729482,7.112795228068809,1448.6323368640221,2297.6210871526728,3746.253424016695,Finland
2016,1443.1242133333335,2265.2122133333332,3708.3364266666667,-3.08141150317746,0.13737349951541422,-19.102396643042805,12.502283468246683,1440.1801753296716,2258.612100158537,3698.7922754882084,Finland
2017,1409.9082266666667,2253.1821533333336,3663.0903800000006,-2.3614828480734604,0.13124774650845214,-13.548359404258036,10.9255412641329,1407.6779915651018,2250.5593351932084,3658.2373267583102,Finland
2000,30881.794966666665,18283.780433333333,49165.5754,-32.65735396734897,3.4948401151491004,-186.55333766109467,30.309460499714056,30852.632452814465,18127.53655617195,48980.16900898641,France
2001,30796.033246666666,18383.186393333333,49179.219639999996,-35.733372538340376,4.426279618971557,-122.54584352308133,30.47786120841331,30764.7261537473,18291.118411018662,49055.84456476596,France
2002,29979.86030666667,17832.31962,47812.179926666664,-22.876664095166518,3.8620855394422207,-118.06215186143353,30.935512716019673,29960.845728110948,17745.192980854583,47706.03870896553,France
2003,29054.540826666667,17828.93872,46883.47954666667,-29.231556471551418,3.308634604299341,-166.78146884772013,35.86368368520253,29028.617904799416,17698.02093483748,46726.6388396369,France
2004,28656.794873333332,18152.95412,46809.74899333333,-47.64749934864209,4.166740323953764,-51.72124076518569,27.128570080270563,28613.314114308647,18128.36144931508,46741.67556362373,France
2005,28459.787973333332,17317.172226666662,45776.960199999994,-41.1934659799771,3.7668016108029008,-63.94477119444695,25.901562733922766,28422.36130896416,17279.129018206135,45701.49032717029,France
2006,28411.256126666667,17177.366033333332,45588.62216,-18.83892509440765,3.643911384247396,-61.11315387771309,28.460209933753305,28396.061112956504,17144.713089389374,45540.77420234588,France
2007,28712.49264,17991.786073333333,46704.27871333333,-22.17487071960155,4.0900238866602,-31.445632785914594,29.59392065925039,28694.407793167058,17989.93436120667,46684.34215437373,France
2008,28817.83781333333,17141.872193333333,45959.71000666666,-29.07296730517327,3.628974361762973,-46.96777032560443,30.377862594436994,28792.393820389923,17125.282285602163,45917.67610599208,France
2009,28413.60584,16256.14846,44669.7543,-32.05376271406625,3.479661982695682,-81.69675178434859,40.72714554205183,28385.03173926863,16215.178853757705,44600.210593026335,France
2010,28099.68616666667,16710.861386666667,44810.54755333334,-63.98131026812781,3.3011602868916152,-113.68272326165693,61.94719104100338,28039.00601668543,16659.125854446014,44698.131871131445,France
2011,27453.147826666667,16093.089493333333,43546.23732,-48.82017930746526,2.8955819394928994,-87.06423153580415,36.761300160320175,27407.223229298696,16042.78656195785,43450.00979125655,France
2012,27276.756213333334,16596.144706666666,43872.90092,-39.25694327793196,2.7187496545276777,-76.65994795369194,23.374534870547027,27240.21801970993,16542.859293583522,43783.077313293456,France
2013,27370.36079333333,17204.464326666664,44574.825119999994,-55.639164087803906,2.4170297200173705,-127.83496022691767,44.9271771660732,27317.138658965545,17121.556543605817,44438.69520257136,France
2014,27462.457440000002,17213.41659333333,44675.87403333333,-30.679025819845663,2.67308341179258,-76.49197988561625,36.03585361046961,27434.45149759195,17172.960467058183,44607.411964650135,France
2015,27527.896093333333,17662.698806666667,45190.5949,-49.38337873744454,2.2857608469640827,-81.03191984558869,37.056017804281566,27480.79847544285,17618.722904625363,45099.52138006821,France
2016,27357.155913333336,16615.095493333334,43972.25140666667,-41.79933260719723,1.9489127012776455,-89.7979299635228,33.858271690755366,27317.30549342742,16559.155835060566,43876.46132848799,France
2017,27200.432806666664,17180.537973333336,44380.97078,-46.037833797447874,1.742191632811315,-66.77305084249909,34.663898192022124,27156.13716450203,17148.42882068286,44304.56598518489,France
2000,23573.32310666667,16596.13806,40169.461166666675,50.29047845221563,6.718967598475184,-171.47357151152954,65.68984435123087,23630.33255271736,16490.3543328397,40120.68688555706,Germany
2001,23392.81302,16489.141986666666,39881.95500666667,38.571733928291756,5.8766379123541075,-61.80118690644625,58.1662313924695,23437.26139184065,16485.507031152687,39922.76842299334,Germany
2002,22982.154853333333,16167.539113333332,39149.693966666666,72.7758407449306,7.07328224924916,-53.67058132554092,61.05107871353519,23062.003976327513,16174.919610721327,39236.92358704884,Germany
2003,22302.667273333333,16117.281633333334,38419.948906666665,67.47687025023926,6.614772021824175,-52.64841251669567,67.52976993019803,22376.7589156054,16132.162990746836,38508.92190635223,Germany
2004,21680.853653333335,16269.375266666668,37950.22892,74.41884703271096,6.220258086423202,18.620315625603947,74.33573539843664,21761.49275845247,16362.331317690709,38123.82407614318,Germany
2005,21508.526586666667,16123.27418,37631.80076666667,78.53070299638867,7.0974838230299575,3.7136824513284696,65.44035198701859,21594.154773486083,16192.428214438349,37786.582987924434,Germany
2006,21026.736826666667,15169.123806666666,36195.86063333333,62.09637883225763,7.552138670446401,-85.0635463634299,69.91942870942499,21096.385344169372,15153.979689012662,36250.36503318203,Germany
2007,21019.537519999998,15971.104879999999,36990.6424,77.76620244884676,9.24469109980535,43.54169944680678,73.04328900253142,21106.548413548648,16087.689868449337,37194.23828199798,Germany
2008,21424.955719999998,15304.060933333334,36729.01665333333,46.44181725371162,8.582632415193642,22.34355234345813,78.37201243979767,21479.980169668903,15404.77649811659,36884.75666778549,Germany
2009,21367.267053333337,15360.066633333332,36727.333686666665,41.10990383142156,8.202720858016527,26.32254753603949,58.16975627238573,21416.579678022772,15444.558937141757,36861.13861516453,Germany
2010,21088.97302,16025.577366666666,37114.55038666667,39.95077470247026,8.656334999642747,5.549285452086173,81.08949704788783,21137.580129702113,16112.21614916664,37249.79627886875,Germany
2011,20911.181706666666,15297.48546,36208.667166666666,10.890626106487659,7.011042317440769,48.0318588699926,88.54559410522552,20929.083375090595,15434.062912975218,36363.146288065815,Germany
2012,20853.416266666663,15492.512493333335,36345.928759999995,-5.443976035154928,6.246410170769394,80.01883139564677,77.07304689671838,20854.218700802277,15649.604371625699,36503.82307242798,Germany
2013,21065.552826666666,15799.079106666666,36864.63193333333,-5.987127400068005,5.999057257417742,2.0334046725971557,75.79064194270981,21065.564756524014,15876.903153281972,36942.467909805986,Germany
2014,21196.52654,16574.678399999997,37771.204939999996,-9.916505018534714,5.4401853355199155,-12.556391536812772,66.98007603895822,21192.050220316985,16629.102084502145,37821.15230481913,Germany
2015,21035.307953333337,15969.87268,37005.18063333334,-2.409590821512857,6.578174109472009,-28.60317322075813,69.21681268116473,21039.476536621296,16010.486319460408,37049.96285608171,Germany
2016,20785.508626666666,15594.451486666665,36379.960113333334,-4.79633982308672,6.759612402983375,-135.51695996395156,74.22954152891501,20787.471899246564,15533.164068231628,36320.63596747819,Germany
2017,20596.344826666667,14898.082359999999,35494.42718666667,19.715560237690244,6.556708958275302,36.80859023282012,63.00716065007516,20622.617095862635,14997.898110882894,35620.51520674553,Germany
2000,3567.6780200000003,2038.7177066666666,5606.395726666667,17.56655248780573,0.979615709747924,64.88365850596871,10.738625939209838,3586.224188197554,2114.339991111845,5700.564179309399,Greece
2001,3533.531993333333,1936.3299800000002,5469.8619733333335,16.011325649597993,1.505752391994936,34.40231066349386,34.426746192206465,3551.049071374926,2005.1590368557006,5556.208108230627,Greece
2002,3536.503006666667,1983.4769933333337,5519.9800000000005,17.621863641011824,0.9726442603139375,143.12637481843967,29.452239612211432,3555.0975145679927,2156.055607763985,5711.153122331978,Greece
2003,3504.26482,2033.3761200000001,5537.64094,18.688886821120064,1.0287326031074304,72.62901491147066,30.438043201408618,3523.9824394242273,2136.443178112879,5660.4256175371065,Greece
2004,3565.539993333333,1802.9789866666667,5368.51898,13.167391533948045,0.9160514123445822,110.95607032419599,33.7856824183451,3579.6234362796254,1947.7207394092077,5527.344175688833,Greece
2005,3492.095126666666,1697.04388,5189.139006666666,16.618163993087276,0.9356836985929231,117.45816176238077,47.294314093453366,3509.6489743583465,1861.796355855834,5371.445330214181,Greece
2006,3478.6067199999998,1551.4736066666667,5030.080326666666,9.666106982099459,0.7249684697094957,155.71129847550102,66.76833318279213,3488.9977954518085,1773.9532383249598,5262.951033776768,Greece
2007,3490.913833333334,1409.77302,4900.6868533333345,8.951253456751438,0.8103295820611798,152.34381347412142,36.48270973004403,3500.6754163721466,1598.5995432041655,5099.2749595763125,Greece
2008,3482.485866666667,1609.8437333333334,5092.3296,8.240948263507407,1.0370381691940116,84.43824842012295,30.886961339818253,3491.7638530993686,1725.1689430932747,5216.932796192643,Greece
2009,3452.3170733333336,1352.9213733333333,4805.238446666667,9.281310290167315,0.6927473012896741,48.66756915331392,47.87133343261041,3462.2911309247907,1449.4602759192576,4911.751406844049,Greece
2010,3492.6711266666666,1616.2054,5108.876526666667,4.467007750583082,0.6872607689034818,180.47523957116516,59.23690735521261,3497.825395186153,1855.9175469263778,5353.742942112531,Greece
2011,3440.8049733333332,2017.9854599999999,5458.790433333334,4.88188221095567,0.6484610505239534,142.20867441273694,51.590917658488486,3446.335316594813,2211.7850520712254,5658.120368666038,Greece
2012,3419.4222333333337,1609.9368599999998,5029.3590933333335,9.371537391920615,0.7304057725184184,188.51530682059396,47.61324258378978,3429.5241764977727,1846.0654094043834,5275.589585902157,Greece
2013,3296.1678333333334,1641.5428666666667,4937.7107,6.960212419392188,0.7482681488689737,216.15517165314967,62.97958900357467,3303.8763139015946,1920.6776273233909,5224.5539412249855,Greece
2014,3229.0444533333334,1562.4637133333335,4791.5081666666665,25.384888711790445,1.2598203967561274,266.2083142817949,77.08394792067966,3255.68916244188,1905.7559755358081,5161.445137977688,Greece
2015,3115.3632266666664,1501.4878533333333,4616.8510799999995,21.279809981823224,1.54796334367499,191.62904418884457,51.989361187313776,3138.1909999921645,1745.1062587094916,4883.297258701656,Greece
2016,3191.6984066666664,1569.2570133333331,4760.955419999999,15.299081209561832,1.2619336806146193,198.2885528227657,60.664801832731,3208.259421556843,1828.2103679888298,5036.469789545673,Greece
2017,3342.99854,1539.1533066666666,4882.151846666667,24.95227867079669,1.9818464702751657,546.009530885454,90.07165701484772,3369.932665141072,2175.2344945669684,5545.16715970804,Greece
2000,1765.67122,2816.948686666667,4582.619906666667,-12.19555196837211,0.35443897383316403,3.639778279145074,29.063052919022343,1753.830107005461,2849.6515178648347,4603.4816248702955,Hungary
2001,1692.3903866666667,3058.044706666667,4750.4350933333335,-9.292391804618882,0.4619433388801593,-0.25707341697442215,24.240431231214703,1683.5599382009282,3082.0280644809072,4765.588002681836,Hungary
2002,1669.866,2797.94488,4467.81088,-6.801478996762656,0.7996356674588798,-27.070571279459166,28.343082373002687,1663.8641566706963,2799.2173910935435,4463.08154776424,Hungary
2003,1675.9744333333335,2628.4820933333335,4304.456526666667,-3.5308542595145695,1.243800529761438,-6.556819818112362,29.561058287241533,1673.6873796035804,2651.4863318024627,4325.173711406043,Hungary
2004,1658.9385066666666,2940.2806866666665,4599.219193333333,-2.684306305170814,0.7440719879731653,21.22943672907194,11.372754465479987,1656.998272349469,2972.8828778612183,4629.881150210687,Hungary
2005,1598.2593133333332,2715.48998,4313.749293333333,-0.759354117823373,0.5816351074021273,71.92935817577326,21.309787491907887,1598.081594322912,2808.7291256676813,4406.8107199905935,Hungary
2006,1568.5026400000002,2773.5618400000003,4342.064480000001,-1.9316680867916176,0.5011564158362404,100.22670957491783,11.459885727230226,1567.0721283290447,2885.2484353021487,4452.320563631193,Hungary
2007,1533.0177733333333,2745.8915933333337,4278.909366666667,1.2590051562712623,1.2281207366563711,242.06420615254504,8.279252935279708,1535.504899226261,2996.2350524211583,4531.73995164742,Hungary
2008,1509.8755866666668,2975.3373199999996,4485.212906666667,6.850221407134967,2.537529890996198,49.02949223743659,3.8728199959169607,1519.263337964798,3028.239632233353,4547.502970198151,Hungary
2009,1476.9603266666666,2641.9614066666663,4118.921733333333,0.356379563041473,1.0264241103136738,61.19176169024691,3.784845707390419,1478.3431303400216,2706.938014064304,4185.2811444043255,Hungary
2010,1457.66518,2574.19308,4031.85826,-3.2293284334439534,1.1326963630905273,45.394349481211165,4.297829677652903,1455.5685479296465,2623.885259158864,4079.45380708851,Hungary
2011,1428.95274,2768.5906733333336,4197.543413333334,-4.467844651196053,1.2162276888203785,80.73482091924296,3.940296617713952,1425.7011230376245,2853.2657908702904,4278.966913907915,Hungary
2012,1387.0993266666667,2698.9555066666667,4086.0548333333336,-7.394395534455726,0.5253378336368506,23.709304476830997,3.6668520522963877,1380.2302689658477,2726.331663195794,4106.561932161641,Hungary
2013,1463.5313933333332,2943.7232000000004,4407.254593333333,-10.349522559637487,0.6907092862000932,19.067372646398724,2.408340742744643,1453.8725800598957,2965.198913389144,4419.07149344904,Hungary
2014,1479.3694066666667,2967.58716,4446.956566666667,-10.46677985848426,0.39218118626943455,90.72828946713804,2.79273037334984,1469.294807994452,3061.108179840488,4530.40298783494,Hungary
2015,1504.5943666666667,3042.7447933333337,4547.33916,-9.866712211136258,0.4334593249139183,33.23781949480064,2.7210294750862642,1495.1611137804443,3078.7036423032205,4573.864756083665,Hungary
2016,1523.1097333333335,3157.0111933333337,4680.120926666667,-12.142325776723244,0.4027861721821712,55.24764639872914,2.1806707163699532,1511.3701937287924,3214.439510448433,4725.809704177225,Hungary
2017,1523.4783266666666,3175.27042,4698.748746666666,-9.787978647652727,0.7813011847655206,195.44092600394663,3.014624993879809,1514.4716492037792,3373.725970997826,4888.197620201605,Hungary
2000,10220.239246666666,4309.386100000001,14529.625346666668,-26.145872381816258,4.17953854986602,-61.99928716477712,27.58952319154621,10198.272912834716,4274.97633602677,14473.249248861486,Ireland
2001,10200.196173333334,4296.835266666668,14497.031440000002,-21.20171475560393,0.5189627838589482,-34.76049381876624,19.74581890544425,10179.51342136159,4281.820591753346,14461.334013114934,Ireland
2002,10102.672026666667,4719.996253333334,14822.668280000002,-22.743519947298974,0.2691939550060875,-10.296618513411694,13.65779107372112,10080.197700674375,4723.357425893643,14803.555126568019,Ireland
2003,10030.370460000002,4385.6807,14416.051160000003,-23.207279396046264,0.36864286106349536,2.723809126969788,9.547450643485025,10007.531823465019,4397.951959770455,14405.483783235473,Ireland
2004,10029.520586666667,4227.907886666666,14257.428473333333,-14.588642815260387,0.3297094313565863,2.7130248259189873,4.938170078844494,10015.261653282763,4235.5590815714295,14250.820734854193,Ireland
2005,9830.397993333334,4152.707313333333,13983.105306666668,-15.681367265434492,0.31185060024402667,2.785515308389071,5.448993354472479,9815.028476668143,4160.941821996195,13975.970298664339,Ireland
2006,9773.18866,4054.780233333333,13827.968893333333,-14.233497684153704,0.3817373358318974,-0.4803351308315943,7.215779457440895,9759.336899651678,4061.5156776599424,13820.85257731162,Ireland
2007,9602.646380000002,3978.3594200000002,13581.005800000003,0.14969816987285234,0.7275749231929727,6.184376949851167,11.246048259255744,9603.523653093067,3995.7898452091067,13599.313498302174,Ireland
2008,9530.345786666667,3982.64838,13512.994166666667,-3.074679388533351,0.32392400833930995,3.655014572863164,11.791028298484962,9527.595031286472,3998.0944228713483,13525.68945415782,Ireland
2009,9464.890806666666,4197.428320000001,13662.319126666667,0.23225975409542468,0.7907949434597135,4.461855833802758,5.630898649451526,9465.91386136422,4207.521074483255,13673.434935847476,Ireland
2010,9147.316180000002,3950.334193333333,13097.650373333334,-23.433237179093837,0.24916263738670408,-5.6309755630174365,7.143350550533223,9124.132105458295,3951.846568320849,13075.978673779144,Ireland
2011,9098.22634,3892.70242,12990.928759999999,-28.062751534126246,0.32422321469816984,-15.555949310571949,13.08681853739747,9070.487811680572,3890.2332892268255,12960.721100907398,Ireland
2012,9463.521446666668,4158.444433333334,13621.965880000002,-24.972190637608268,0.21358079853372788,-13.198428939269208,13.93268034986836,9438.762836827593,4159.1786847439325,13597.941521571525,Ireland
2013,9608.482066666667,4097.192746666667,13705.674813333335,-28.63800158558678,0.15168327989006966,24.261994923014377,35.70367893041123,9579.99574836097,4157.1584205200925,13737.154168881063,Ireland
2014,9716.737226666668,4031.6676866666667,13748.404913333336,-33.94149459168551,0.21446032592391423,19.833658411280027,38.288559300198095,9683.010192400907,4089.7899043781445,13772.80009677905,Ireland
2015,9838.411759999999,4091.4927133333335,13929.904473333332,-27.46242380478326,0.31767334678267667,25.763552702838457,41.156767043416494,9811.267009541998,4158.413033079589,13969.680042621587,Ireland
2016,10233.271113333332,4039.5699799999993,14272.841093333333,-36.497717086324194,0.22840740872245358,19.0675089458629,26.174512146986512,10197.00180365573,4084.8120010928487,14281.813804748579,Ireland
2017,10417.4289,4244.702186666666,14662.131086666668,-41.06882847900732,0.29581756384388197,31.789863284775173,44.8648467465404,10376.655889084837,4321.356896697982,14698.01278578282,Ireland
2000,13517.004239999998,8209.560626666667,21726.564866666668,37.17453825768718,1.8052215543764785,79.33620911476517,66.05060387922775,13555.98399981206,8354.94743966066,21910.93143947272,Italy
2001,11594.279633333334,7767.003126666667,19361.282760000002,40.4084794193351,2.1323678345266988,76.52160448590209,58.7744660505334,11636.820480587196,7902.299197203102,19539.1196777903,Italy
2002,12519.127866666666,8220.289740000002,20739.41760666667,41.57274025570568,2.297355175554519,188.22474726533363,78.5009706699466,12562.997962097927,8487.015457935284,21050.01342003321,Italy
2003,12076.645373333335,8053.1219133333325,20129.76728666667,39.07342029517482,2.062652815240882,93.33487825479268,76.54708016419852,12117.78144644375,8223.003871752324,20340.785318196075,Italy
2004,12071.592906666667,8434.63236,20506.225266666668,58.71149505943903,2.678631754978024,82.53301705132856,80.81970184438052,12132.983033481083,8597.985078895708,20730.96811237679,Italy
2005,11743.35828,7996.490000000002,19739.848280000002,76.93332906797917,3.8226782329949183,114.61932481956978,78.06406033653586,11824.114287300974,8189.173385156107,20013.28767245708,Italy
2006,11709.6709,7936.613026666667,19646.283926666667,80.32256542672866,4.086127257527949,113.57403294205874,79.25506538853804,11794.079592684255,8129.442124997264,19923.52171768152,Italy
2007,11635.729686666667,8041.022640000001,19676.75232666667,81.95354004386809,4.614018236573275,109.66391175989122,90.43712676181745,11722.297244947107,8241.12367852171,19963.420923468817,Italy
2008,11915.329199999998,7491.114593333333,19406.443793333332,53.48712692639942,4.003305788608499,87.00178699395791,68.13598439521077,11972.819632715005,7646.252364722501,19619.071997437506,Italy
2009,11835.103906666667,6754.302226666666,18589.406133333334,74.60994905089045,4.905971459223305,113.10939525639924,87.39151829002863,11914.61982717678,6954.803140213094,18869.422967389874,Italy
2010,11833.55035333333,6795.475493333333,18629.025846666664,72.48182143873389,4.350698119890595,127.39064947542128,155.0663617815358,11910.382872891954,7077.932504590291,18988.315377482246,Italy
2011,11392.005866666666,6861.870446666668,18253.876313333334,70.24858713705464,4.661260402435516,113.18682547477576,103.90048502517824,11466.915714206158,7078.957757166622,18545.87347137278,Italy
2012,11565.83392,7107.559166666666,18673.393086666663,75.1202516347373,5.1359105794615365,112.20849750610246,75.77348260612905,11646.090082214198,7295.541146778897,18941.631228993094,Italy
2013,11398.757466666666,6967.324119999999,18366.081586666667,70.34202468499018,5.107592337671379,143.30604670508527,97.56502703505318,11474.207083689329,7208.195193740138,18682.402277429468,Italy
2014,11236.037213333335,6901.0802533333335,18137.11746666667,66.5503548130349,5.412508919500514,168.95756337665517,101.52701958529552,11308.00007706587,7171.564836295284,18479.564913361155,Italy
2015,11251.91452666667,7048.499579999999,18300.414106666667,98.33856309482191,6.247477832479796,148.38572607274108,86.87148211019918,11356.50056759397,7283.756788182939,18640.25735577691,Italy
2016,11437.187600000001,7137.83146,18575.019060000002,111.69109081250096,5.989309398312683,119.67684411911972,89.21140329092046,11554.868000210814,7346.71970741004,18901.587707620856,Italy
2017,11429.182046666667,7069.380026666667,18498.562073333334,101.91372888103453,5.643397083001782,115.81645811053785,94.57494774493895,11536.739172630703,7279.771432522143,18816.510605152846,Italy
2000,677.9744666666667,762.3293866666667,1440.3038533333333,3.2539882330688292,0.5065938109904986,5.281017719588416,0.9204341921469384,681.735048710726,768.5308385784019,1450.265887289128,Latvia
2001,664.3984066666667,814.3221133333333,1478.7205199999999,3.7064771865223607,0.41458666540484257,-1.5903734287857856,0.4473763357515748,668.5194705185938,813.179116240299,1481.6985867588928,Latvia
2002,691.9005533333333,805.7879733333333,1497.6885266666666,7.412653081478866,0.9150499959226527,-0.386735272253852,0.43397488063091144,700.2282564107348,805.8352129417103,1506.0634693524453,Latvia
2003,693.4035066666665,755.6446266666667,1449.0481333333332,7.756460826977573,0.9443661982962274,-15.855418993266836,0.43817893541313235,702.1043336919404,740.2273866088129,1442.3317203007532,Latvia
2004,662.3889800000001,826.5099133333333,1488.8988933333335,0.12028174760002014,0.23179663761695807,34.47219980278795,0.8042377094072923,662.7410583852171,861.7863508455285,1524.5274092307457,Latvia
2005,653.4968066666667,845.5634933333332,1499.0602999999999,-0.9257516207957667,0.09506766952327118,33.4856125363454,3.233130770188579,652.6661227153942,882.2822366398673,1534.9483593552613,Latvia
2006,666.672,852.6419466666667,1519.3139466666667,-2.625583353634946,0.1482943278971894,25.274666379735955,2.2423147321675008,664.1947109742622,880.1589277785703,1544.3536387528325,Latvia
2007,654.3295600000001,892.5017933333334,1546.8313533333335,-2.9803651795926775,0.1555978764908584,32.37327604403549,2.0971750159602887,651.5047926968983,926.9722443933291,1578.4770370902274,Latvia
2008,676.4443466666667,920.0793266666667,1596.5236733333334,-4.920585951565263,0.17975640088452655,-113.48956020194962,2.5680445734302078,671.703517115986,809.1578110381473,1480.8613281541334,Latvia
2009,645.1284933333334,928.0921266666667,1573.22062,-6.8309130918030805,0.13307446118994065,-125.1249766085682,1.9805763489999113,638.4306547027203,804.9477264070983,1443.3783811098187,Latvia
2010,637.9024466666667,944.9668799999998,1582.8693266666664,-5.969123812386016,0.1536867774429041,-54.66965609775948,1.8576313843272452,632.0870096317236,892.1548552865676,1524.2418649182912,Latvia
2011,640.5341733333333,963.0829133333333,1603.6170866666666,-7.956691016433567,0.1442672787277169,-1.3686867527033264,3.4586701381988547,632.7217495956276,965.1728967188288,1597.8946463144564,Latvia
2012,639.9895933333333,1009.5825333333333,1649.5721266666667,-6.195944207243383,0.18594354511403907,-104.4201353999175,3.4607103921513755,633.9795926712039,908.6231083255672,1542.602700996771,Latvia
2013,652.7456000000001,1023.1311,1675.8767,-6.324174242937857,0.17903105523515628,-191.870875809995,2.2469703319967524,646.6004568122974,833.5071945220017,1480.1076513342991,Latvia
2014,668.40472,1047.3730533333335,1715.7777733333335,-8.514011617067695,0.17734018302559262,-101.3914767057163,3.65160642773273,660.068048565958,949.63318305535,1609.701231621308,Latvia
2015,682.1705333333333,1094.8407266666668,1777.0112600000002,-7.673397851555176,0.17473229014426228,-221.17917204778826,2.5699461136788546,674.6718677719224,876.2315007325574,1550.9033685044797,Latvia
2016,676.10306,1091.7383333333332,1767.8413933333331,-6.454861430962765,0.22922702730446465,-157.28333321196632,1.978259235502556,669.8774255963417,936.4332593568695,1606.3106849532112,Latvia
2017,661.0090333333334,1086.58934,1747.5983733333333,-7.065015684757548,0.34724882926833245,-155.2533791187686,2.0036276070868118,654.2912664778441,933.3395884883182,1587.6308549661624,Latvia
2000,1583.317653333333,1715.7037466666663,3299.0213999999996,-3.8281081494484863,0.03152481767423401,1.3674220763038294,3.8299938055444995,1579.5210700015587,1720.9011625485148,3300.422232550073,Lithuania
2001,1389.3236266666665,1687.4264066666667,3076.7500333333332,1.4741180930176938,0.07268961640279407,-3.9734176313271905,2.0732691192450665,1390.8704343760871,1685.5262581545844,3076.3966925306713,Lithuania
2002,1405.5485333333336,1322.6185333333333,2728.167066666667,2.2782952559227256,0.5925298465720972,11.095686372780971,15.521194830559926,1408.4193584358284,1349.2354145366744,2757.6547729725025,Lithuania
2003,1441.9838333333332,1433.3281466666665,2875.3119799999995,2.6835175350913145,0.4379240426716138,-18.239760193653275,3.9278757398957636,1445.105274911096,1419.0162622129092,2864.121537124005,Lithuania
2004,1475.2672733333334,1492.3296533333335,2967.596926666667,-1.4312098074169108,0.06662679428060654,-4.100758740042087,5.173005422794884,1473.902690320197,1493.4019000160863,2967.3045903362836,Lithuania
2005,1449.3665733333332,1272.5952133333333,2721.9617866666667,-1.9713921980071973,0.11565462132408515,5.244740351932596,3.7387477850785693,1447.51083575665,1281.5787014703446,2729.0895372269947,Lithuania
2006,1447.4994933333332,1369.20806,2816.707553333333,2.1681000859633826,0.22486426198580536,-35.91332206312494,3.166686308829678,1449.8924576812826,1336.4614242457046,2786.353881926987,Lithuania
2007,1478.1814133333335,1283.616,2761.7974133333337,3.7086758504685906,0.2754555410788195,-47.37964896143918,2.3108189739008784,1482.1655447248809,1238.5471700124617,2720.7127147373426,Lithuania
2008,1387.4893733333333,1401.64486,2789.134233333333,5.362953406996746,0.33990922927293343,-119.2619225917841,3.780980129391673,1393.192235969603,1286.1639175376079,2679.356153507211,Lithuania
2009,1341.5625733333334,1504.4687066666665,2846.03128,3.7738553855671895,0.2474960336987769,-94.28656288887676,2.106852096453062,1345.5839247525994,1412.288995874243,2757.8729206268426,Lithuania
2010,1311.1280000000002,1708.6954933333334,3019.8234933333333,3.44175237579353,0.35616682968076196,-133.11235361509415,1.8274937948152659,1314.9259192054744,1577.4106335130543,2892.3365527185288,Lithuania
2011,1300.81574,1494.4971333333333,2795.3128733333333,3.2200897096696393,0.5020100100197803,-50.57901094046214,3.489544081537056,1304.5378397196894,1447.4076664744082,2751.9455061940976,Lithuania
2012,1272.46468,1976.6069733333334,3249.0716533333334,6.03464267750356,0.6651245582190785,-229.88804283705824,4.98625166136148,1279.1644472357227,1751.7051821576365,3030.869629393359,Lithuania
2013,1231.901386666667,1981.758346666667,3213.659733333334,4.578200262939077,0.6881742325962084,-382.22087601941485,3.17057207628834,1237.1677611622022,1602.7080427235405,2839.8758038857427,Lithuania
2014,1202.2181866666667,2031.9644333333333,3234.18262,-0.32361670731476466,0.78209175124488,-173.77849595512475,2.815768865204112,1202.6766617105968,1861.0017062434126,3063.6783679540094,Lithuania
2015,1223.80618,2080.584113333333,3304.390293333333,0.5145298879230802,0.6794817714223512,-308.167808354854,5.00513819975017,1225.0001916593455,1777.421443178229,3002.421634837575,Lithuania
2016,1195.1647333333333,2028.3820999999998,3223.546833333333,1.6606644035404114,0.6856877102256441,-241.49398037594293,5.08084628949687,1197.5110854470995,1791.9689659135536,2989.4800513606533,Lithuania
2017,1150.88902,2052.6282266666667,3203.517246666667,4.281469681916054,0.7699231289704965,-280.54660896308974,3.9196972144809274,1155.9404128108865,1776.001314918058,2931.9417277289444,Lithuania
2000,278.20969333333335,41.368880000000004,319.57857333333334,0.630433641117388,0.5595045394681553,-0.6789120701854663,6.728138355549026,279.3996315139189,47.418106285363564,326.81773779928244,Luxembourg
2001,277.45758,40.96406666666667,318.4216466666667,0.09161374658122799,0.19072262989530464,-0.06338518204081538,2.8475584211460876,277.7399163764765,43.74823990577194,321.48815628224844,Luxembourg
2002,268.4677866666667,96.3891,364.8568866666667,0.36997351325988964,0.5703756798837153,-0.3743329823201098,3.3453450167682117,269.40813585981033,99.3601120344481,368.7682478942584,Luxembourg
2003,259.06863333333337,95.29610666666667,354.36474000000004,0.8294678406540441,1.4979787014395725,0.2748513847063229,12.334531799852522,261.396079875427,107.90548985122552,369.30156972665253,Luxembourg
2004,255.0844733333333,110.21024666666666,365.29472,1.8098602082297517,3.5381728801968104,0.4002899243920949,1.99556858553218,260.43250642175985,112.60610517659094,373.0386115983508,Luxembourg
2005,253.79448666666667,100.48418666666666,354.27867333333336,1.6392571918610312,3.0414413885037996,0.5609564663240736,3.458667504672838,258.4751852470315,104.50381063766356,362.97899588469505,Luxembourg
2006,250.15306,99.08746666666667,349.2405266666667,1.3960742376315671,2.451302212965111,0.33299632234689186,2.6602993478070602,254.0004364505967,102.08076233682061,356.0811987874173,Luxembourg
2007,259.65275333333335,96.59070666666668,356.24346,1.7199939766949512,3.1720191939494713,0.17714883173959084,1.7351573052272045,264.5447665039778,98.50301280363347,363.0477793076113,Luxembourg
2008,264.06317333333334,98.91475333333334,362.9779266666667,1.7223257699199348,2.6603852668126735,-1.0097620869892248,1.7072448188589129,268.445884370066,99.61223606520302,368.058120435269,Luxembourg
2009,265.73336666666665,99.01807333333333,364.75144,1.488200539608848,3.2123233021199282,0.2810276877253583,4.137039276455142,270.43389050839545,103.43614029751383,373.87003080590927,Luxembourg
2010,269.71781999999996,100.19788,369.91569999999996,0.9506767197237574,1.6921224567670126,0.23050352131521323,3.8783812408033356,272.36061917649073,104.30676476211855,376.6673839386093,Luxembourg
2011,262.65256,101.87369333333334,364.52625333333333,1.379921802480327,3.4948008510963047,0.1869176968603779,4.63411063512841,267.52728265357666,106.69472166532212,374.22200431889877,Luxembourg
2012,257.5848866666667,98.10156666666668,355.68645333333336,0.7290853008853345,2.400700337584952,0.33990928039859164,3.4620503059920935,260.714672305137,101.90352625305736,362.61819855819436,Luxembourg
2013,265.7191866666667,98.46477333333334,364.18396000000007,0.6888520519635245,1.939583559349054,0.1292814674380002,6.352122371284898,268.34762227797927,104.94617717205624,373.2937994500355,Luxembourg
2014,271.11567333333335,95.80784666666668,366.92352000000005,0.6031346495230123,2.199425567411959,0.41685209102899057,2.8165152764784445,273.91823355026827,99.0412140341741,372.9594475844424,Luxembourg
2015,275.16642666666667,98.29162,373.45804666666663,0.2993262837951918,2.233196834065363,0.6352897319300723,3.4496680121796777,277.69894978452726,102.37657774410974,380.075527528637,Luxembourg
2016,279.7539733333333,100.38666666666666,380.14063999999996,0.5023032877373432,2.063051535234797,0.3632132789876884,4.8667166837819416,282.31932815630546,105.61659662943629,387.93592478574175,Luxembourg
2017,282.78475333333336,100.65312666666668,383.43788000000006,0.2321096470141032,1.0783421780762397,0.707707724275697,3.0376178911428733,284.0952051584237,104.39845228208524,388.49365744050897,Luxembourg
2000,47.60512666666667,11.38992,58.99504666666667,0.506437802088062,0.056052631290034835,3.4025335388178464,1.5708467912503383,48.16761710004477,16.363300330068185,64.53091743011296,Malta
2001,46.84632666666667,11.742873333333332,58.589200000000005,1.0470131264476692,0.10067627852469561,2.6791141194872496,2.9037410407287965,47.99401607163903,17.325728493549377,65.31974456518842,Malta
2002,46.41428,12.101160000000002,58.51544,0.6225534885997925,0.06574598112451105,4.127823111871504,2.860819988161406,47.1025794697243,19.089803100032913,66.19238256975721,Malta
2003,46.54027333333333,12.31354,58.853813333333335,0.8706711491830769,0.09715634452092174,4.949936860650256,3.573449574914492,47.508100827037325,20.83692643556475,68.34502726260207,Malta
2004,44.734593333333336,11.970973333333333,56.70556666666667,4.602441750349872,0.163285191151084,1.3557237608989234,1.3257083706722392,49.50032027483429,14.652405464904497,64.15272573973878,Malta
2005,47.20623333333334,12.155106666666665,59.36134,2.578751160422058,0.10373097996973792,5.430553387974763,3.3655802749018364,49.888715473725135,20.951240329543268,70.8399558032684,Malta
2006,47.26475333333334,13.536633333333333,60.80138666666667,2.165543953252073,0.10758614903257675,3.262111309956947,1.2997273284948994,49.53788343561799,18.09847197178518,67.63635540740317,Malta
2007,45.98245333333333,12.129473333333333,58.11192666666666,2.1587774245699056,0.08850042186524577,6.710917759499739,1.9742903820581301,48.229731179768486,20.814681474891202,69.04441265465968,Malta
2008,46.391666666666666,11.499146666666666,57.890813333333334,0.9370909011156284,0.06647545855577174,3.3590774923921987,4.056871013994808,47.39523302633807,18.915095173053672,66.31032819939173,Malta
2009,40.68028666666667,10.535140000000002,51.21542666666667,3.059887276475069,0.11193326532370375,4.118953444862178,0.8153105539194565,43.85210720846544,15.469403998781637,59.32151120724708,Malta
2010,38.68328,10.15818,48.841460000000005,1.8446862432180418,0.07757436851177586,4.198667152086796,0.7350912714930934,40.60554061172982,15.09193842357989,55.69747903530971,Malta
2011,35.36454666666667,9.355113333333332,44.719660000000005,4.222338770853436,0.10916675373976467,6.384748340847009,0.9070811877021611,39.69605219125987,16.6469428618825,56.34299505314237,Malta
2012,35.941606666666665,15.91328,51.854886666666665,4.132517068153568,0.07705562546781165,4.605576103149311,6.282145092889084,40.15117936028805,26.801001196038396,66.95218055632644,Malta
2013,35.85576,22.054019999999998,57.90978,5.237899649221322,0.08324620561640059,3.3987970655892603,1.6395996628418954,41.17690585483771,27.092416728431154,68.26932258326886,Malta
2014,35.2924,24.113366666666668,59.405766666666665,3.986262958830629,0.08616749017016193,2.600464765810549,1.2037374171964712,39.36483044900079,27.91756884967369,67.28239929867448,Malta
2015,34.92796,24.847839999999998,59.7758,4.418579524243226,0.09898359385817994,8.300083378113742,3.6347318070738144,39.445523118101406,36.78265518518755,76.22817830328896,Malta
2016,34.03838666666667,16.252113333333334,50.2905,3.695869861454371,0.09833266540344929,4.068117253839459,2.6241745677457264,37.832589193524484,22.94440515491852,60.776994348443004,Malta
2017,32.65799333333333,9.534139999999999,42.19213333333333,4.02985545332162,0.11436077591244888,3.2119622005564823,2.5809143899601463,36.802209562567405,15.327016590516628,52.12922615308403,Malta
2000,7522.818813333333,3642.3806666666665,11165.19948,2.834670421839142,2.270021400642804,29.5134492998423,66.49414861925034,7527.923505155815,3738.388264585759,11266.311769741575,Netherlands
2001,7492.764753333333,3594.1999533333333,11086.964706666666,14.582996745286511,2.4942325100844585,28.822714948207658,83.11282065223169,7509.841982588704,3706.1354889337726,11215.977471522478,Netherlands
2002,7158.4439533333325,3494.5703599999997,10653.014313333333,56.92717219900684,3.9083846459030482,20.501866851706023,68.32941317739453,7219.279510178243,3583.4016400291002,10802.681150207343,Netherlands
2003,7011.58172,3411.7353133333336,10423.317033333333,67.24553141497904,3.985272550674627,37.43612602494016,84.28625008449536,7082.812523965654,3533.457689442769,10616.270213408423,Netherlands
2004,6988.6436466666655,3467.1801666666665,10455.823813333333,60.05536803832045,4.0527280891144954,31.138886334346612,72.85669965812757,7052.7517427941,3571.175752659141,10623.927495453241,Netherlands
2005,7049.5867,3393.2450733333335,10442.831773333333,74.77521968818102,4.295081085507364,31.338028861171942,84.29828181219216,7128.657000773688,3508.8813840066978,10637.538384780386,Netherlands
2006,6950.031646666666,3410.261466666667,10360.293113333333,57.74512827283757,4.542291587371089,29.321267841334162,82.04506701354099,7012.319066526876,3521.627801521542,10533.946868048417,Netherlands
2007,7059.97344,3233.83182,10293.80526,41.794236611604134,4.0574506884186174,31.952304030060198,76.44421389227261,7105.825127300022,3342.2283379223327,10448.053465222354,Netherlands
2008,7313.5065,3261.2837866666664,10574.790286666666,47.34979160694169,4.437536943578693,31.85894300582711,86.04312217206781,7365.293828550521,3379.1858518445615,10744.479680395081,Netherlands
2009,7380.877146666667,3244.97682,10625.853966666666,83.27644339441855,5.146339287905179,40.929492212039705,95.73081367245248,7469.29992934899,3381.637125884492,10850.937055233482,Netherlands
2010,7404.770506666667,3235.51348,10640.283986666667,58.623481283845734,5.059813165906503,48.44228832550491,104.0124801566243,7468.453801116419,3387.968248482129,10856.422049598548,Netherlands
2011,7299.109866666667,3185.69464,10484.804506666667,59.450239143540735,6.019563212677026,60.074828053895935,116.73515592050067,7364.579669022884,3362.504623974397,10727.084292997282,Netherlands
2012,7264.163713333332,3253.7913533333335,10517.955066666666,49.976580657104925,6.3171377884583615,71.66978839351789,120.49344446569454,7320.457431778896,3445.9545861925462,10766.412017971441,Netherlands
2013,7455.245126666667,3157.2180066666665,10612.463133333333,44.41364952856142,5.9705139948957076,69.17942889015481,126.71873204769344,7505.629290190123,3353.1161676045144,10858.745457794637,Netherlands
2014,7667.450926666666,3275.0614399999995,10942.512366666666,40.2173458518983,5.989535358457486,55.80347898499708,106.08364133461382,7713.657807877022,3436.9485603196104,11150.606368196632,Netherlands
2015,7970.799306666667,3410.89764,11381.696946666667,98.3965630776707,7.687114833275153,48.00470665501225,107.67729769882101,8076.882984577613,3566.5796443538334,11643.462628931446,Netherlands
2016,8027.870806666666,3479.297293333333,11507.168099999999,132.40277016811774,9.02115394202552,62.11141945215708,122.16039787313244,8169.294730776809,3663.5691106586223,11832.863841435432,Netherlands
2017,7564.4376,3429.6710800000005,10994.108680000001,117.98381875414357,8.701166873137026,69.70159936081555,143.52229893029082,7691.122585627281,3642.894978291107,11334.017563918387,Netherlands
2000,9858.072406666666,9524.303953333332,19382.37636,-5.492140685344795,0.8808481278714972,151.5065296179279,66.65932813237691,9853.461114109194,9742.469811083636,19595.930925192828,Poland
2001,9445.357773333333,9403.893693333333,18849.25146666667,,,,,,,,Poland
2002,9287.70342,9534.508946666667,18822.212366666667,-9.574437276239433,0.45185119083678293,298.40159118872253,52.71016398356186,9278.580833914597,9885.62070183895,19164.20153575355,Poland
2003,9228.11616,9521.558786666665,18749.674946666666,-18.118693487393273,1.0626191116705659,-0.9098409896470728,57.143957676460076,9211.060085624276,9577.792903353478,18788.852988977756,Poland
2004,8903.42578,9580.574453333335,18484.000233333332,-0.2660947911216532,0.8713655473546896,0.9129179675794052,19.134807391777187,8904.031050756234,9600.622178692693,18504.653229448926,Poland
2005,9080.509506666667,9942.73976,19023.249266666666,-14.904127134337697,0.18355285451714873,32.493232294032055,34.236878157248576,9065.788932386848,10009.46987045128,19075.25880283813,Poland
2006,9256.630926666665,10090.275220000001,19346.906146666668,-14.571332185591826,0.3214749897978178,32.41682382889117,25.121540564845994,9242.381069470872,10147.813584393738,19390.194653864608,Poland
2007,9296.241866666667,10609.9859,19906.227766666667,-14.008042775003258,0.3885977085136727,92.50880331646812,19.518841415522303,9282.622421600177,10722.01354473199,20004.635966332167,Poland
2008,9182.932786666664,10330.061846666666,19512.99463333333,-21.681611906047223,0.39803002463241205,108.81082548168433,20.247590562294896,9161.64920478525,10459.120262710645,19620.769467495895,Poland
2009,8945.774140000001,10017.984233333333,18963.758373333334,-19.467754077975805,0.48220378762061883,-11.629058303995947,19.685040307646393,8926.788589709646,10026.040215336983,18952.82880504663,Poland
2010,9017.133933333333,10349.900866666665,19367.034799999998,-32.86114323916887,0.42457008377230193,155.7538308951452,19.019263077085537,8984.697360177937,10524.673960638895,19509.371320816834,Poland
2011,8847.959420000001,10245.486966666667,19093.44638666667,-44.530599005044834,0.5088320444375766,159.94453071338782,14.28631300820067,8803.937653039393,10419.717810388256,19223.655463427647,Poland
2012,8707.61908,10567.877106666667,19275.496186666667,-43.57976816685501,0.5746877500896321,199.2527153175143,19.484402404836594,8664.613999583235,10786.614224389017,19451.22822397225,Poland
2013,8691.196393333332,10195.053460000001,18886.249853333335,-35.92953572536568,0.5358856546207836,59.15706474672566,18.40062678709454,8655.802743262588,10272.61115153382,18928.41389479641,Poland
2014,8735.719106666667,9952.41416,18688.133266666668,-28.190620851767363,0.9543837446074366,115.49972048846841,18.84431424124764,8708.482869559508,10086.758194729715,18795.24106428922,Poland
2015,8774.29654,10035.15768,18809.45422,-49.56449155357702,0.8474620941312069,13.215338087790585,19.337940340121992,8725.579510540552,10067.710958427911,18793.290468968466,Poland
2016,8619.314013333333,10582.942546666665,19202.256559999998,-50.09731713486558,0.7549294660146425,405.198572561478,24.303506513724468,8569.971625664482,11012.444625741868,19582.41625140635,Poland
2017,8884.148173333333,10846.491726666667,19730.639900000002,-64.46587710218621,0.5221138519376611,352.0650195558167,30.64294859141503,8820.204410083084,11229.1996948139,20049.404104896985,Poland
2000,3009.6976799999998,1196.6080733333333,4206.305753333333,7.177147665371325,0.3995193703254701,40.966359444914744,35.719397926719424,3017.2743470356963,1273.2938307049676,4290.568177740664,Portugal
2001,2778.067253333333,1118.0518133333335,3896.1190666666666,5.668469400862963,0.3722269872369157,38.09677292085295,30.340794551185727,2784.107949721433,1186.4893808053723,3970.5973305268053,Portugal
2002,2744.271926666667,1388.8344333333332,4133.10636,8.4352181562271,0.4628274649221434,44.76826648297937,34.045094192695885,2753.169972287816,1467.6477940090085,4220.817766296825,Portugal
2003,2699.0764799999997,1131.0622733333335,3830.138753333333,12.036717793692283,0.5637773836150638,32.0092465027588,28.156232948167233,2711.676975177307,1191.2277527842593,3902.9047279615666,Portugal
2004,2732.715833333333,1225.87952,3958.595353333333,14.17265665223849,0.49780135856439234,23.30973021221659,24.80060669563848,2747.3862913441358,1273.989856907855,4021.376148251991,Portugal
2005,2779.5404266666665,1076.5932733333334,3856.1337,15.637894003855969,0.7169370088927303,42.63111934576913,33.267461964146015,2795.895257679415,1152.4918546432484,3948.3871123226636,Portugal
2006,2742.6710133333336,1042.0960933333333,3784.767106666667,18.105850182867073,0.7303105518893672,38.879233019105094,33.257842340982265,2761.50717406809,1114.2331686934208,3875.740342761511,Portugal
2007,2732.0617933333333,1159.9334733333335,3891.995266666667,10.161865314476964,0.6231547981678184,27.433878256888004,30.77760523107176,2742.846813445978,1218.1449568212931,3960.991770267271,Portugal
2008,2737.35756,1133.2840866666668,3870.641646666667,6.520410262670028,0.4842918040787776,30.394927405429794,37.01888998828778,2744.3622620667484,1200.6979040603844,3945.060166127133,Portugal
2009,2689.98424,1102.0283133333332,3792.0125533333335,14.116031470874352,0.6828704706802955,39.12667839845669,28.327384743581863,2704.783141941555,1169.482376475372,3874.265518416927,Portugal
2010,2593.48112,1102.3940666666665,3695.875186666666,5.452304775331264,0.5469651358322537,29.609870790288095,30.475154490750892,2599.4803899111635,1162.4790919477055,3761.959481858869,Portugal
2011,2647.8153133333335,1105.283226666667,3753.0985400000004,3.3189800860950225,0.48743129576179245,42.72235231590165,35.230092627625,2651.6217247151903,1183.2356716101935,3834.857396325384,Portugal
2012,2623.609766666667,1155.2329333333332,3778.8427,-10.168496739254635,0.4419450989832306,53.08523357784254,35.84739350450182,2613.883215026395,1244.1655604156774,3858.048775442073,Portugal
2013,2581.4141933333335,1165.6262266666665,3747.0404200000003,-0.6025317111405645,0.45212721367566366,36.83136573425101,36.23302219171362,2581.2637888358686,1238.6906145926312,3819.9544034285,Portugal
2014,2673.3742466666663,1252.3879866666666,3925.762233333333,-4.054598051579003,0.4933170507220105,40.13520833388988,31.798302256049727,2669.8129656658093,1324.3214972566063,3994.134462922416,Portugal
2015,2760.5801133333334,1212.0700666666667,3972.65018,-8.876421706249708,0.5377298607473721,47.841189528237514,39.55283703746857,2752.241421487831,1299.4640932323728,4051.7055147202036,Portugal
2016,2778.740333333333,1153.6808466666669,3932.4211800000003,-13.643834185446163,0.5138658571654343,56.37770243175306,36.6869703014944,2765.6103650050527,1246.7455193999144,4012.355884404967,Portugal
2017,2846.38818,1141.1954933333334,3987.5836733333335,-2.562265485657201,0.3756250977773087,46.62056673821034,41.90848451708164,2844.20153961212,1229.7245445886253,4073.926084200745,Portugal
2000,1045.41176,679.6076533333332,1725.0194133333332,-1.5424598353698056,0.22920424388745667,28.441972964674942,13.535929512497622,1044.0985044085176,721.5855558105059,1765.6840602190234,Slovakia
2001,1018.2089333333333,714.48042,1732.6893533333332,4.414762305972674,1.5750373310362826,36.503540076979284,11.66017770996915,1024.1987329703422,762.6441377869485,1786.8428707572907,Slovakia
2002,989.6407866666667,713.7479866666667,1703.3887733333336,2.6238327254222895,0.6880195047137772,1.8201127030210624,18.31247285416384,992.9526388968028,733.8805722238517,1726.8332111206546,Slovakia
2003,968.5076733333334,671.1398199999999,1639.6474933333334,5.055642106787951,1.2289910606383374,27.009941136991067,8.753095448317179,974.7923065007597,706.9028565853081,1681.6951630860676,Slovakia
2004,936.8916399999999,724.1064666666666,1660.9981066666664,5.37654876781103,1.303195199766391,29.272763432504426,4.115386453557313,943.5713839675774,757.4946165527284,1701.0660005203058,Slovakia
2005,852.8933066666666,680.2635933333333,1533.1569,8.395456419211422,0.9342361555482993,-6.747662238708985,2.315867866033396,862.2229992414264,675.8317989606577,1538.054798202084,Slovakia
2006,835.6987666666668,695.2552533333333,1530.9540200000001,1.2392818871231428,0.32794966409633103,33.20275501463098,1.457414251443696,837.2659982178862,729.9154225994079,1567.181420817294,Slovakia
2007,807.3141733333333,682.7152800000001,1490.0294533333335,0.9390143554083673,0.39322628302390905,68.88879582980412,1.5417685694482508,808.6464139717656,753.1458443992525,1561.792258371018,Slovakia
2008,790.7183333333334,679.64348,1470.3618133333334,-1.7088815532354102,0.3415324536667677,65.42300004782764,1.6094193565477166,789.3509842337647,746.6758994043753,1536.0268836381401,Slovakia
2009,760.6325666666668,676.9195466666665,1437.5521133333332,0.7368012286262734,0.3940840317355217,82.4159853214944,1.1690404093407747,761.7634519270285,760.5045723975018,1522.2680243245304,Slovakia
2010,740.9978733333335,670.5366333333333,1411.5345066666669,0.39533454581833305,0.4919961700671672,82.91657644838976,1.5746489546564082,741.8852040492189,755.0278587363794,1496.9130627855984,Slovakia
2011,733.03506,748.8532133333333,1481.8882733333335,-0.02111491132180382,0.5501942071376632,60.47570151379709,0.8787667178586057,733.564139295816,810.207681564989,1543.7718208608048,Slovakia
2012,717.42662,770.16672,1487.59334,-4.314815017289753,0.31830668419182345,84.15190497558604,0.8279219441708083,713.430111666902,855.1465469197569,1568.576658586659,Slovakia
2013,729.4674933333332,791.7907533333333,1521.2582466666665,-5.658412205260647,0.3004180772958235,57.71429496824076,0.9639547143771895,724.1094992053684,850.4690030159513,1574.5785022213197,Slovakia
2014,718.92056,862.4558066666666,1581.3763666666666,-4.539480023405956,0.37765289762070436,44.30147298469421,1.0057872289236363,714.7587328742147,907.7630668802844,1622.5217997544992,Slovakia
2015,714.6438066666667,817.7677133333333,1532.41152,-3.834654667241973,0.3108936895798055,44.01665740404381,1.0264777492996047,711.1200456890045,862.8108484866767,1573.9308941756813,Slovakia
2016,703.31052,903.1217066666668,1606.4322266666668,-3.089037122427457,0.3144362256213645,32.435738993482296,0.7267986582323672,700.5359191031939,936.2842443183815,1636.8201634215754,Slovakia
2017,681.4815,829.5906866666666,1511.0721866666665,2.585296754022973,0.9213783939500102,37.237698006665255,1.2979467016009614,684.9881751479729,868.1263313749328,1553.1145065229057,Slovakia
2000,724.3763799999999,296.83331999999996,1021.2096999999999,-6.050272989976253,0.15543583738252284,28.408742584807325,7.314019713334795,718.4815428474061,332.5560822981421,1051.0376251455482,Slovenia
2001,756.1263333333334,298.77779999999996,1054.9041333333334,-4.62694380267455,0.13923122289874532,42.55685564448083,5.153674472803774,751.6386207535576,346.4883301172846,1098.1269508708422,Slovenia
2002,733.7098266666667,291.68568,1025.3955066666667,-2.5533074815944232,0.12489583394006284,36.11228803045351,2.51481886159257,731.2814150190123,330.31278689204606,1061.5942019110585,Slovenia
2003,741.9727533333333,292.0687933333333,1034.0415466666666,-1.8915087327894629,0.07107137378828524,36.457525092523106,2.8162220483838545,740.1523159743322,331.34254047424025,1071.4948564485724,Slovenia
2004,703.3432799999999,272.6952733333334,976.0385533333333,-3.1055828996831045,0.04893695799498523,36.15751082209911,3.9440261566253882,700.2866340583118,312.79681031205786,1013.0834443703698,Slovenia
2005,702.9926133333333,262.9284666666667,965.9210800000001,-1.3754360445094163,0.056862608118774534,45.89406069237216,10.419400336346568,701.6740398969426,319.24192769538536,1020.915967592328,Slovenia
2006,692.6391133333334,263.4878133333333,956.1269266666667,1.3190773639153712,0.13483582106786468,71.14932295458503,6.637330299506672,694.0930265183167,341.274466587425,1035.3674931057417,Slovenia
2007,688.9734733333333,261.88541333333336,950.8588866666666,0.584955977332579,0.10607628727860292,67.65269315639615,7.718844695398346,689.6645055979445,337.25695118512783,1026.9214567830722,Slovenia
2008,718.3814199999999,250.23434,968.6157599999999,0.9422580438921991,0.13883675375111407,74.06629638547108,17.082116419129893,719.4625147976433,341.38275280460095,1060.8452676022443,Slovenia
2009,696.36134,251.74688,948.1082200000001,-1.5962148128269946,0.07193997066903021,82.38045883759598,17.50067222168257,694.8370651578421,351.62801105927855,1046.4650762171207,Slovenia
2010,698.4103866666668,254.38940666666667,952.7997933333335,-5.565674950668284,0.14991142168275312,87.2750139791005,56.74449203514924,692.9946231376813,398.4089126809164,1091.4035358185977,Slovenia
2011,688.37688,251.46787333333336,939.8447533333334,-5.725488534836667,0.10124902140757297,58.67656498847426,59.592084846172675,682.752640486571,369.7365231679803,1052.4891636545512,Slovenia
2012,673.54714,244.61800666666664,918.1651466666667,-7.222361012075838,0.10988996982849096,63.63642014805669,39.65872610258454,666.4346689577527,347.91315291730785,1014.3478218750606,Slovenia
2013,667.0399200000002,244.36977333333334,911.4096933333335,-7.318013219275021,0.09015521382265375,49.14561410396264,11.671913902388331,659.8120619945478,305.1873013396843,964.9993633342322,Slovenia
2014,664.4939,255.7515733333334,920.2454733333334,-2.759366319162041,0.10956143986761102,42.59162833155997,11.499819475851671,661.8440951207057,309.843021140745,971.6871162614507,Slovenia
2015,671.7336133333333,255.1261133333333,926.8597266666666,-3.678193822467759,0.1493066776156762,58.41448795822882,9.906523612687023,668.2047261884812,323.4471249042491,991.6518510927303,Slovenia
2016,693.8062066666668,253.02361333333334,946.8298200000002,-6.682117017751362,0.18576475972555057,52.01905032011715,10.05522358361917,687.309854408641,315.0978872370697,1002.4077416457106,Slovenia
2017,693.85114,250.5024866666667,944.3536266666667,-7.1866635216354995,0.2291162067545214,84.77347537318362,14.419849598016107,686.893592685119,349.6958116378664,1036.5894043229855,Slovenia
2000,15125.1868,9115.00262,24240.18942,34.6463047900336,1.9435290486130523,69.37704659594226,88.45655710938402,15161.776633838646,9272.836223705326,24434.612857543972,Spain
2001,15464.465726666667,8814.07966,24278.545386666665,28.164675863146165,1.5861908841630512,75.47347541703537,79.86277019503764,15494.216593413978,8969.415905612072,24463.632499026047,Spain
2002,15557.56734,8663.088686666668,24220.656026666667,32.45011445727918,1.7567957997278165,147.57371563833124,96.17519264651216,15591.774250257005,8906.83759495151,24498.611845208514,Spain
2003,15605.514786666667,9436.660146666667,25042.174933333336,25.858756851800816,1.6078628782418474,74.63675840466894,78.49077722380551,15632.98140639671,9589.787682295142,25222.76908869185,Spain
2004,15582.918393333332,9110.949893333336,24693.868286666668,24.83334500049582,1.5236438119462978,78.51870469450994,68.31710285265467,15609.275382145774,9257.7857008805,24867.061083026274,Spain
2005,15310.735113333332,7966.308486666667,23277.043599999997,23.218252739432298,1.848296345403919,137.23278367895628,99.05092101264476,15335.80166241817,8202.592191358268,23538.393853776437,Spain
2006,15024.311706666665,8284.401853333335,23308.71356,16.771792718487422,1.752650837571513,125.97044578807683,91.40011980753053,15042.836150222725,8501.772418928942,23544.608569151667,Spain
2007,15410.062346666668,8587.565166666667,23997.627513333333,15.873476780346358,1.9528499954155052,63.58373841725564,90.44058768290652,15427.88867344243,8741.589492766829,24169.478166209257,Spain
2008,14339.77188,7379.617899999998,21719.389779999998,-2.990247849742312,1.8076373279737004,111.3491923120899,125.69476051247182,14338.589269478232,7616.66185282456,21955.25112230279,Spain
2009,14370.616226666665,7462.885353333334,21833.50158,0.9266695956051499,1.9716569325220212,139.0984203173783,108.01288033386284,14373.514553194793,7709.9966539845755,22083.51120717937,Spain
2010,14023.999413333333,8220.26316,22244.262573333333,9.476665165873442,2.374942601206539,108.1159983970374,88.48615672814007,14035.851021100414,8416.865315125178,22452.716336225592,Spain
2011,13508.015146666668,7855.986626666667,21364.001773333337,-12.749810184647192,2.1836810390545804,158.22472811635987,88.66423347305413,13497.449017521076,8102.875588256081,21600.324605777158,Spain
2012,13248.76248,7542.6317666666655,20791.394246666663,-29.97188593445222,1.6196197070061902,116.97273764499563,99.62829355146984,13220.410213772553,7759.232797863131,20979.643011635686,Spain
2013,13141.404706666668,8368.652186666666,21510.056893333334,-28.26803131662444,1.6733027878737368,104.58791648611786,93.88454584994153,13114.809978137919,8567.124649002726,21681.934627140647,Spain
2014,13532.790493333334,8840.422593333333,22373.213086666667,-35.61350818010648,1.707883452927842,117.0718100213466,86.82706668399166,13498.884868606156,9044.32147003867,22543.206338644828,Spain
2015,14093.33994,8757.04682,22850.38676,-62.62382028902752,1.892043257612757,111.99527140540222,82.14009326382417,14032.608162968585,8951.182184669226,22983.790347637812,Spain
2016,14128.91492,8590.356679999999,22719.2716,-88.28871112535762,1.8553960322941885,101.17592517904096,80.20190349507303,14042.481604906934,8771.734508674113,22814.216113581046,Spain
2017,14407.801413333334,8731.992893333332,23139.794306666667,-70.28478675561227,2.0653176162010984,115.6625335686142,96.27938106970194,14339.581944193924,8943.93480797165,23283.516752165575,Spain
2000,2531.04216,2255.9071200000003,4786.949280000001,3.515725058334416,0.6470392055001538,-106.5186991427594,22.44486202247233,2535.2049242638345,2171.8332828797134,4707.038207143548,Sweden
2001,2487.55908,2203.1322333333337,4690.691313333334,5.314720762863899,0.6420894524380908,-104.52182171304044,18.265972780766674,2493.515890215302,2116.87638440106,4610.392274616363,Sweden
2002,2463.3255,2186.5616466666665,4649.887146666666,7.830007600388106,0.5849442605395965,-19.677529407670203,18.17181878295089,2471.7404518609274,2185.0559360419475,4656.796387902875,Sweden
2003,2424.72588,2162.665053333333,4587.390933333333,15.017893105515814,1.038388860698319,-60.899587717241786,24.79632219174049,2440.782161966214,2126.5617878078315,4567.3439497740455,Sweden
2004,2445.796813333333,2171.9599933333334,4617.756806666666,11.232143928809526,0.7561174717146931,2.59096425444389,17.09393264956175,2457.785074733857,2191.644890237339,4649.429964971196,Sweden
2005,2410.070826666667,2097.436873333333,4507.5077,14.950554000495156,1.3983805335443913,-44.84571838163627,22.822176608302406,2426.4197612007065,2075.4133315599993,4501.833092760706,Sweden
2006,2382.13794,2050.032706666667,4432.170646666667,11.189914763097901,1.1101915612105238,-36.36756280523057,24.651042711616288,2394.4380463243087,2038.3161865730526,4432.754232897361,Sweden
2007,2327.6335799999997,2119.6396466666665,4447.273226666666,9.340090552983538,0.9424821948750924,-12.566726256345559,19.75561392976006,2337.916152747858,2126.8285343400808,4464.744687087939,Sweden
2008,2323.545333333333,2220.94938,4544.4947133333335,6.0578791612538625,0.799393646364071,-31.242254119840315,19.01218832596111,2330.402606140951,2208.719314206121,4539.121920347072,Sweden
2009,2288.095293333333,2043.93676,4332.032053333332,8.768418553961203,0.8957517069867312,24.47108069482964,20.238786941662102,2297.7594635942805,2088.6466276364918,4386.406091230772,Sweden
2010,2282.5847266666665,2138.1233533333334,4420.70808,8.3227589013385,0.9462595976689695,6.149145933228737,20.243446960834138,2291.853745165674,2164.5159462273964,4456.369691393071,Sweden
2011,2263.671793333333,2195.1048533333333,4458.776646666666,8.372493260313668,0.9819434664865963,15.197172568084788,20.459438159998026,2273.026230060133,2230.761464061416,4503.787694121549,Sweden
2012,2240.80794,2109.6887,4350.49664,7.112655960902432,0.7877257616847152,50.704102874327916,19.814503157018034,2248.7083217225872,2180.207306031346,4428.915627753933,Sweden
2013,2229.0036066666667,2161.4560333333334,4390.45964,10.09222854996407,0.8695731912343763,45.40050036448647,18.604980589319393,2239.965408407865,2225.4615142871394,4465.426922695005,Sweden
2014,2225.2979000000005,2293.115273333333,4518.413173333333,4.032984291426307,0.6384827005736454,17.152764498741774,15.951044761941475,2229.9693669920002,2326.219082594016,4556.188449586016,Sweden
2015,2159.3267666666666,2346.6454333333336,4505.9722,6.581779310554641,0.8177357803244814,-12.022141859384416,13.483807659559545,2166.7262817575456,2348.107099133509,4514.833380891055,Sweden
2016,2158.0912399999997,2302.2534466666666,4460.344686666666,3.538129850117454,0.5803806716593293,32.030635105340956,8.909319237878929,2162.2097505217766,2343.1934010098867,4505.403151531664,Sweden
2017,2059.293213333333,2330.7720933333335,4390.065306666666,1.9907677963443635,0.5209301522394909,155.12983247130367,12.425533169372992,2061.8049112819167,2498.3274589740104,4560.1323702559275,Sweden
2000,22746.34184,12016.748419999998,34763.09026,141.087671262428,11.721201213305061,-32.44507025296747,51.587385482475256,22899.150712475734,12035.890735229506,34935.04144770524,United Kingdom
2001,21040.08105333333,11996.615386666666,33036.69644,175.4976273228605,11.43097978185991,13.34591632838582,57.29921307445655,21227.009660438052,12067.26051606951,33294.27017650756,United Kingdom
2002,20555.800446666668,11821.62304,32377.423486666667,167.98623966744782,11.117713982307592,14.451918851489506,55.19482690436466,20734.904400316424,11891.269785755854,32626.174186072276,United Kingdom
2003,20654.681379999998,11693.1199,32347.80128,154.14292094049466,11.119130467557321,-18.007691068319637,57.21242685955206,20819.94343140805,11732.324635791232,32552.268067199282,United Kingdom
2004,20641.382993333333,11445.153706666666,32086.536699999997,158.41441675454146,10.087726208615354,23.837945435356072,57.74680632647641,20809.88513629649,11526.7384584285,32336.623594724988,United Kingdom
2005,20595.78803333333,11124.604966666666,31720.392999999996,168.4512814160988,11.57860992239954,20.24384476984383,55.879210641574744,20775.81792467183,11200.728022078085,31976.545946749913,United Kingdom
2006,20288.81397333333,11098.507173333333,31387.32114666666,110.52413455669179,10.676889463587527,38.11692371929771,58.329523698439914,20410.014997353606,11194.95362075107,31604.968618104678,United Kingdom
2007,19816.121133333338,10916.766606666666,30732.887740000006,100.97043999422179,9.058925459083044,34.90611328672875,82.8493976925098,19926.15049878664,11034.522117645904,30960.672616432545,United Kingdom
2008,19400.520193333334,10896.301399999998,30296.821593333334,126.68676061552553,9.347152963552984,18.029353306678544,92.52905796593028,19536.554106912412,11006.859811272607,30543.41391818502,United Kingdom
2009,18944.51656,11016.72844,29961.245000000003,122.09532797675205,9.769307634943639,37.08181334544166,76.53579447362169,19076.381195611695,11130.346047819065,30206.72724343076,United Kingdom
2010,18952.4503,11008.6463,29961.0966,108.75692640681437,8.576382509243386,-16.21062333390372,67.82773134770915,19069.78360891606,11060.263408013805,30130.047016929864,United Kingdom
2011,18823.721519999996,10922.096973333333,29745.81849333333,90.82852893697203,7.255856989585203,29.10552538135762,69.10147477594047,18921.80590592655,11020.30397349063,29942.10987941718,United Kingdom
2012,18875.749173333337,10814.501666666665,29690.25084,80.92974726070426,7.651824738098454,27.56513865158018,112.14205616525383,18964.33074533214,10954.2088614835,29918.53960681564,United Kingdom
2013,18968.485433333335,11115.065486666666,30083.55092,130.73333471334536,8.739806478920487,20.38178760905595,81.13130245244456,19107.9585745256,11216.578576728167,30324.537151253768,United Kingdom
2014,19182.40305333333,11298.72204,30481.125093333332,105.52314218776414,9.039079228206178,13.052339448549803,132.28303197200498,19296.965274749302,11444.057411420556,30741.022686169857,United Kingdom
2015,19255.67743333333,11225.030133333334,30480.707566666664,108.8085283540567,9.237558713245601,18.917764261372028,124.3936568302054,19373.723520400632,11368.341554424911,30742.065074825543,United Kingdom
2016,19500.01198,11188.389126666667,30688.401106666664,97.79946629294038,9.36161994282254,-15.694108962200255,109.5428945902506,19607.173066235762,11282.237912294719,30889.410978530483,United Kingdom
2017,19641.388226666666,11234.397813333333,30875.78604,75.29683019152026,8.671552377396816,74.93423015561625,73.92573149198208,19725.356609235583,11383.257774980932,31108.614384216515,United Kingdom
