Country,Year,Export Quantity,Import Quantity,Net Quantity,Emission,Local Emission
Afghanistan,2006,0.0,1.0,1.0,6195.951186666667,2594.24792
Albania,2011,21.0,0.0,-21.0,1405.7584933333333,2574.5446733333333
Albania,2015,20.0,0.0,-20.0,1477.8952266666668,2504.0618066666666
Albania,2016,0.0,0.0,0.0,1473.4766533333334,2490.61874
Albania,2017,65.0,0.0,-65.0,1439.6249866666667,2476.752226666667
Andorra,2017,0.0,1.0,1.0,0.0,2476.752226666667
Angola,2012,2.0,0.0,-2.0,4613.1987,2555.27238
Angola,2013,14.0,0.0,-14.0,4740.668966666666,2536.544646666667
Antigua and Barbuda,2000,0.0,3.0,3.0,23.88578,2649.532733333333
Antigua and Barbuda,2009,0.0,48.0,48.0,25.422673333333332,2598.7933333333335
Antigua and Barbuda,2010,0.0,5.0,5.0,12.973366666666667,2592.8357599999995
Antigua and Barbuda,2011,0.0,1.0,1.0,13.026033333333334,2574.5446733333333
Argentina,2000,0.0,648.0,648.0,59297.8879,2649.532733333333
Argentina,2001,0.0,202.25,202.25,59480.17710666667,2678.0058400000003
Argentina,2002,0.0,175.0,175.0,62906.96143333333,2650.8261
Argentina,2003,0.0,216.75,216.75,67469.87489333333,2606.023333333333
Argentina,2004,0.0,215.4,215.4,68732.16284666666,2560.370673333334
Argentina,2005,0.0,330.4,330.4,69019.3315,2580.698253333333
Argentina,2006,0.0,281.0,281.0,70531.25232666667,2594.24792
Argentina,2007,0.0,356.0,356.0,71065.88308,2590.5391333333328
Argentina,2008,0.0,593.75,593.75,69754.1686,2638.52696
Argentina,2009,0.0,747.5,747.5,66148.93418000001,2598.7933333333335
Argentina,2010,0.0,459.6666666666667,459.6666666666667,59910.710040000005,2592.8357599999995
Argentina,2011,0.0,614.0,614.0,58830.83062000001,2574.5446733333333
Argentina,2012,0.0,465.5,465.5,61028.42572666667,2555.27238
Argentina,2013,0.0,363.25,363.25,62301.074753333334,2536.544646666667
Argentina,2014,0.0,356.0,356.0,63022.77201333333,2535.6612266666666
Argentina,2015,0.0,256.4,256.4,62552.989666666675,2504.0618066666666
Argentina,2016,0.0,253.6,253.6,63916.760120000006,2490.61874
Argentina,2017,0.0,168.85714285714286,168.85714285714286,64766.50604000001,2476.752226666667
Australia,2000,0.0,389.1111111111111,389.1111111111111,64059.216626666675,2649.532733333333
Australia,2001,0.0,312.3636363636364,312.3636363636364,62713.68914666666,2678.0058400000003
Australia,2002,0.0,344.22222222222223,344.22222222222223,62008.99112666666,2650.8261
Australia,2003,0.0,317.625,317.625,58818.11680666667,2606.023333333333
Australia,2004,0.0,415.85714285714283,415.85714285714283,60338.62894666667,2560.370673333334
Australia,2005,0.0,397.875,397.875,60747.920360000004,2580.698253333333
Australia,2006,0.0,456.85714285714283,456.85714285714283,59446.25976,2594.24792
Australia,2007,0.0,517.8333333333334,517.8333333333334,57651.076966666675,2590.5391333333328
Australia,2008,0.0,427.7142857142857,427.7142857142857,54741.341060000006,2638.52696
Australia,2009,4.0,421.25,417.25,54766.99968666666,2598.7933333333335
Australia,2010,0.0,764.0,764.0,52146.28740666667,2592.8357599999995
Australia,2011,0.0,399.75,399.75,55592.97914666667,2574.5446733333333
Australia,2012,0.0,581.6666666666666,581.6666666666666,55888.41853333333,2555.27238
Australia,2013,0.0,490.5,490.5,57210.56845333334,2536.544646666667
Australia,2014,0.0,544.5,544.5,56352.37806666667,2535.6612266666666
Australia,2015,0.0,600.8333333333334,600.8333333333334,53766.52331333334,2504.0618066666666
Australia,2016,0.0,566.0,566.0,49723.42536666666,2490.61874
Australia,2017,0.0,525.1666666666666,525.1666666666666,52286.632366666665,2476.752226666667
Austria,2000,0.0,1008.1818181818181,1008.1818181818181,3363.1039066666663,2649.532733333333
Austria,2001,2.0,441.625,439.625,3336.1382,2678.0058400000003
Austria,2002,0.0,380.72727272727275,380.72727272727275,3288.865373333333,2650.8261
Austria,2003,0.0,675.875,675.875,3200.8231066666667,2606.023333333333
Austria,2004,0.0,444.84615384615387,444.84615384615387,3145.9088733333338,2560.370673333334
Austria,2005,1.0,408.25,407.25,3135.3369866666662,2580.698253333333
Austria,2006,0.0,254.15384615384616,254.15384615384616,3092.7961333333337,2594.24792
Austria,2007,1.0,294.0833333333333,293.0833333333333,3071.210106666666,2590.5391333333328
Austria,2008,8.0,400.2142857142857,392.2142857142857,3090.192246666667,2638.52696
Austria,2009,5.5,131.07142857142858,125.57142857142858,3069.9927133333335,2598.7933333333335
Austria,2010,35.333333333333336,150.92857142857142,115.59523809523807,3111.8391866666666,2592.8357599999995
Austria,2011,52.75,168.66666666666666,115.91666666666666,3100.05376,2574.5446733333333
Austria,2012,54.2,185.54545454545453,131.34545454545452,3046.6608866666666,2555.27238
Austria,2013,56.25,211.4,155.15,3022.2330133333335,2536.544646666667
Austria,2014,46.0,275.38461538461536,229.38461538461536,3025.865353333333,2535.6612266666666
Austria,2015,94.66666666666667,368.2307692307692,273.56410256410254,3029.8510733333337,2504.0618066666666
Austria,2016,127.4,537.0909090909091,409.69090909090914,3025.1748666666667,2490.61874
Austria,2017,77.3,531.6666666666666,454.3666666666666,3028.551433333333,2476.752226666667
Azerbaijan,2012,0.0,0.0,0.0,3845.8542399999997,2555.27238
Azerbaijan,2014,0.0,0.0,0.0,3934.3760666666667,2535.6612266666666
Azerbaijan,2015,0.0,0.0,0.0,3944.0026733333334,2504.0618066666666
Bahrain,2005,0.0,0.0,0.0,20.15345333333333,2580.698253333333
Bangladesh,2012,0.0,0.0,0.0,23128.131726666667,2555.27238
Belgium,2000,0.0,30.0,30.0,4583.436680000001,2649.532733333333
Belgium,2001,23.0,16.444444444444443,-6.555555555555557,4549.62486,2678.0058400000003
Belgium,2002,0.0,8.75,8.75,4360.800693333334,2650.8261
Belgium,2003,0.0,28.333333333333332,28.333333333333332,4173.804853333333,2606.023333333333
Belgium,2004,25.0,10.0,-15.0,4102.365353333333,2560.370673333334
Belgium,2005,188.0,8.1,-179.9,4038.736186666666,2580.698253333333
Belgium,2006,1907.0,34.77777777777778,-1872.2222222222222,3987.87704,2594.24792
Belgium,2007,110.0,29.09090909090909,-80.9090909090909,3949.5580333333337,2590.5391333333328
Belgium,2008,0.0,25.181818181818183,25.181818181818183,3921.394546666667,2638.52696
Belgium,2009,0.0,24.916666666666668,24.916666666666668,3928.855733333334,2598.7933333333335
Belgium,2010,13.0,26.5,13.5,3901.6241266666666,2592.8357599999995
Belgium,2011,12.0,23.133333333333333,11.133333333333333,3862.96328,2574.5446733333333
Belgium,2012,1.0,14.909090909090908,13.909090909090908,3791.8582399999996,2555.27238
Belgium,2013,0.0,14.363636363636363,14.363636363636363,3728.8155333333334,2536.544646666667
Belgium,2014,0.0,12.75,12.75,3793.7219133333333,2535.6612266666666
Belgium,2015,2.0,23.857142857142858,21.857142857142858,3834.8946733333332,2504.0618066666666
Belgium,2016,1.0,36.0,35.0,3812.1555400000007,2490.61874
Belgium,2017,0.5,56.375,55.875,3672.178413333333,2476.752226666667
Brazil,2000,0.0,1586.8,1586.8,204430.40026666663,2649.532733333333
Brazil,2001,0.0,1198.0,1198.0,211946.95798,2678.0058400000003
Brazil,2002,0.0,1491.8,1491.8,222008.55356,2650.8261
Brazil,2003,0.0,2278.8,2278.8,233728.96049333332,2606.023333333333
Brazil,2004,0.0,2622.1666666666665,2622.1666666666665,244088.67568666668,2560.370673333334
Brazil,2005,0.0,3965.6,3965.6,247439.54664666665,2580.698253333333
Brazil,2006,0.0,4497.8,4497.8,246181.40245333337,2594.24792
Brazil,2007,0.0,3727.5,3727.5,239351.41112000003,2590.5391333333328
Brazil,2008,0.0,5280.0,5280.0,242481.15176000004,2638.52696
Brazil,2009,0.0,5007.5,5007.5,246020.71112,2598.7933333333335
Brazil,2010,0.0,4770.25,4770.25,251074.1145733333,2592.8357599999995
Brazil,2011,0.0,4187.4,4187.4,255009.17032666667,2574.5446733333333
Brazil,2012,0.0,6822.666666666667,6822.666666666667,252845.60145999998,2555.27238
Brazil,2013,0.0,4954.75,4954.75,253453.04257999998,2536.544646666667
Brazil,2014,0.0,4135.2,4135.2,254438.5942066667,2535.6612266666666
Brazil,2015,0.0,5279.75,5279.75,257833.65713333333,2504.0618066666666
Brazil,2016,0.0,4686.0,4686.0,261090.97742,2490.61874
Brazil,2017,0.0,4567.25,4567.25,257164.43435333332,2476.752226666667
British Virgin Islands,2008,0.0,3.0,3.0,5.22976,2638.52696
Brunei Darussalam,2015,25.0,0.0,-25.0,35.682159999999996,2504.0618066666666
Brunei Darussalam,2016,14.0,0.0,-14.0,36.495760000000004,2490.61874
Brunei Darussalam,2017,23.0,0.0,-23.0,35.69961333333333,2476.752226666667
Bulgaria,2000,0.0,18.0,18.0,1845.5304333333333,2649.532733333333
Bulgaria,2002,0.0,15.5,15.5,1467.9887533333333,2650.8261
Bulgaria,2003,0.0,834.6666666666666,834.6666666666666,1560.2516799999999,2606.023333333333
Bulgaria,2004,0.0,1404.0,1404.0,1571.58662,2560.370673333334
Bulgaria,2005,0.0,952.6666666666666,952.6666666666666,1526.0384333333332,2580.698253333333
Bulgaria,2006,0.0,1031.0,1031.0,1433.45594,2594.24792
Bulgaria,2007,0.0,1426.5,1426.5,1446.4605666666666,2590.5391333333328
Bulgaria,2008,0.0,356.0,356.0,1375.2372399999997,2638.52696
Bulgaria,2009,0.0,157.25,157.25,1296.78266,2598.7933333333335
Bulgaria,2010,0.0,168.0,168.0,1179.5786400000002,2592.8357599999995
Bulgaria,2011,0.0,22.5,22.5,1180.06432,2574.5446733333333
Bulgaria,2012,0.0,45.5,45.5,1191.72696,2555.27238
Bulgaria,2013,0.0,8.0,8.0,1115.1554466666666,2536.544646666667
Bulgaria,2014,0.0,7.666666666666667,7.666666666666667,1175.3369666666667,2535.6612266666666
Bulgaria,2015,0.0,78.5,78.5,1137.55982,2504.0618066666666
Bulgaria,2016,0.0,36.0,36.0,1128.8985400000001,2490.61874
Bulgaria,2017,0.0,144.0,144.0,1129.8439266666667,2476.752226666667
Cabo Verde,2009,0.0,1.0,1.0,65.62206666666667,2598.7933333333335
Cabo Verde,2010,0.0,0.5,0.5,69.57736666666666,2592.8357599999995
Cabo Verde,2011,0.0,1.0,1.0,59.75113333333334,2574.5446733333333
Cabo Verde,2012,0.0,0.0,0.0,60.88396,2555.27238
Canada,2000,0.0,481.3333333333333,481.3333333333333,17878.379286666666,2649.532733333333
Canada,2001,0.0,741.0,741.0,18452.97522,2678.0058400000003
Canada,2002,0.0,760.5,760.5,18667.788186666665,2650.8261
Canada,2003,0.0,504.6666666666667,504.6666666666667,18375.228906666667,2606.023333333333
Canada,2004,0.0,544.6666666666666,544.6666666666666,19544.254513333333,2560.370673333334
Canada,2005,0.0,534.3333333333334,534.3333333333334,19938.141106666666,2580.698253333333
Canada,2006,0.0,471.6666666666667,471.6666666666667,19639.907306666668,2594.24792
Canada,2007,0.0,582.25,582.25,18918.24066,2590.5391333333328
Canada,2008,0.0,717.25,717.25,18313.049953333335,2638.52696
Canada,2009,0.0,553.6,553.6,17468.291340000003,2598.7933333333335
Canada,2010,0.0,551.0,551.0,17102.282233333335,2592.8357599999995
Canada,2011,0.0,573.6,573.6,16567.022666666668,2574.5446733333333
Canada,2012,0.0,529.2,529.2,16638.30216666667,2555.27238
Canada,2013,0.0,482.8,482.8,16665.86402,2536.544646666667
Canada,2014,0.0,436.5,436.5,16496.654753333336,2535.6612266666666
Canada,2015,0.0,344.25,344.25,16060.58082,2504.0618066666666
Canada,2016,0.0,245.0,245.0,16067.76992,2490.61874
Canada,2017,0.0,143.75,143.75,16019.849680000001,2476.752226666667
Chile,2000,0.0,111.33333333333333,111.33333333333333,5884.815626666667,2649.532733333333
Chile,2001,0.0,155.0,155.0,5821.456773333332,2678.0058400000003
Chile,2002,0.0,107.0,107.0,5742.448546666666,2650.8261
Chile,2003,0.0,22.0,22.0,5695.6716,2606.023333333333
Chile,2004,0.0,21.0,21.0,5799.950906666666,2560.370673333334
Chile,2005,0.0,42.5,42.5,5785.178426666666,2580.698253333333
Chile,2006,0.0,99.0,99.0,5675.01014,2594.24792
Chile,2008,0.0,11.0,11.0,5600.67248,2638.52696
Chile,2009,0.0,0.5,0.5,5643.2129933333335,2598.7933333333335
Chile,2010,0.0,6.0,6.0,5587.886506666667,2592.8357599999995
Chile,2011,0.0,6.0,6.0,5515.306793333333,2574.5446733333333
Chile,2012,0.0,13.333333333333334,13.333333333333334,5531.93524,2555.27238
Chile,2013,0.0,13.333333333333334,13.333333333333334,4625.72274,2536.544646666667
Chile,2014,0.0,5.6,5.6,4656.837613333333,2535.6612266666666
Chile,2015,0.0,7.0,7.0,4224.0576,2504.0618066666666
Chile,2016,0.0,6.5,6.5,4339.106673333334,2490.61874
Chile,2017,16.0,8.666666666666666,-7.333333333333334,4335.6468466666665,2476.752226666667
"China, Hong Kong SAR",2001,0.0,0.0,0.0,21.1524,2678.0058400000003
"China, Hong Kong SAR",2004,1.0,0.0,-1.0,18.08698,2560.370673333334
"China, Hong Kong SAR",2005,3.0,0.0,-3.0,17.968773333333335,2580.698253333333
"China, Hong Kong SAR",2006,1.5,0.0,-1.5,18.294326666666667,2594.24792
"China, Hong Kong SAR",2007,1.5,0.0,-1.5,15.216133333333334,2590.5391333333328
"China, Hong Kong SAR",2008,2.0,0.0,-2.0,15.152773333333332,2638.52696
"China, Hong Kong SAR",2009,1.0,0.0,-1.0,16.40696,2598.7933333333335
"China, Hong Kong SAR",2010,1.0,0.0,-1.0,17.2526,2592.8357599999995
"China, Hong Kong SAR",2011,1.0,0.0,-1.0,17.630246666666668,2574.5446733333333
"China, Hong Kong SAR",2012,137.66666666666666,0.0,-137.66666666666666,17.754426666666664,2555.27238
"China, Hong Kong SAR",2013,508.0,0.0,-508.0,17.95398666666667,2536.544646666667
"China, Hong Kong SAR",2014,527.0,0.0,-527.0,18.023,2535.6612266666666
"China, Hong Kong SAR",2015,702.0,0.0,-702.0,17.961873333333333,2504.0618066666666
"China, Hong Kong SAR",2016,474.5,0.0,-474.5,16.075573333333335,2490.61874
"China, Hong Kong SAR",2017,538.5,0.0,-538.5,16.63772,2476.752226666667
"China, Macao SAR",2012,39.0,0.0,-39.0,1.2969666666666666,2555.27238
"China, Taiwan Province of",2012,0.0,0.0,0.0,833.7487666666667,2555.27238
"China, Taiwan Province of",2015,0.0,0.0,0.0,776.4289866666666,2504.0618066666666
"China, Taiwan Province of",2017,0.0,0.0,0.0,764.0662066666666,2476.752226666667
"China, mainland",2000,0.0,2002.3333333333333,2002.3333333333333,193349.47188,2649.532733333333
"China, mainland",2001,0.0,2387.1666666666665,2387.1666666666665,189814.77102666668,2678.0058400000003
"China, mainland",2002,0.0,736.6,736.6,185005.87356,2650.8261
"China, mainland",2003,171.0,120.5,-50.5,183366.48163999998,2606.023333333333
"China, mainland",2004,0.0,17.333333333333332,17.333333333333332,184197.32486666666,2560.370673333334
"China, mainland",2005,0.0,1.0,1.0,184953.50043333333,2580.698253333333
"China, mainland",2007,55.0,45.0,-10.0,175423.12733333334,2590.5391333333328
"China, mainland",2008,0.0,13.0,13.0,178322.8015,2638.52696
"China, mainland",2009,9.0,1.0,-8.0,178927.63869333334,2598.7933333333335
"China, mainland",2010,0.0,4.5,4.5,181313.57568666668,2592.8357599999995
"China, mainland",2011,0.0,2.0,2.0,178141.70389333332,2574.5446733333333
"China, mainland",2012,935.0,6.5,-928.5,176480.33339333333,2555.27238
"China, mainland",2013,2784.0,2.6666666666666665,-2781.3333333333335,176571.42563333333,2536.544646666667
"China, mainland",2014,2145.0,1.5,-2143.5,177005.50193333335,2535.6612266666666
"China, mainland",2015,2679.0,4.0,-2675.0,180179.8825,2504.0618066666666
"China, mainland",2016,1681.0,2.0,-1679.0,183588.5881,2490.61874
"China, mainland",2017,1355.0,1.25,-1353.75,179422.28096666667,2476.752226666667
Colombia,2012,0.0,0.0,0.0,28665.266206666667,2555.27238
Congo,2012,19.0,0.0,-19.0,331.98910666666666,2555.27238
Costa Rica,2008,0.0,0.0,0.0,1651.3162799999998,2638.52696
Croatia,2005,0.0,7.0,7.0,1051.5272999999997,2580.698253333333
Croatia,2009,0.0,0.0,0.0,962.29352,2598.7933333333335
Croatia,2011,44.0,0.0,-44.0,928.5712866666668,2574.5446733333333
Croatia,2012,944.0,0.0,-944.0,934.7193799999999,2555.27238
Croatia,2013,106.0,0.0,-106.0,889.5140933333333,2536.544646666667
Croatia,2015,0.0,1.0,1.0,878.71956,2504.0618066666666
Croatia,2016,0.0,2.0,2.0,878.6063333333333,2490.61874
Cuba,2010,0.0,0.0,0.0,5417.412113333334,2592.8357599999995
Cuba,2013,0.0,0.0,0.0,5494.063986666667,2536.544646666667
Cyprus,2003,0.0,1.5,1.5,202.57632666666666,2606.023333333333
Cyprus,2004,0.0,6.0,6.0,198.29968666666667,2560.370673333334
Cyprus,2005,0.0,24.0,24.0,183.13947333333334,2580.698253333333
Cyprus,2006,0.0,4.0,4.0,186.34681333333333,2594.24792
Cyprus,2015,1.0,0.0,-1.0,168.60929333333334,2504.0618066666666
Cyprus,2016,1.0,0.0,-1.0,174.09452,2490.61874
Czechia,2000,0.0,555.8,555.8,2280.01996,2649.532733333333
Czechia,2001,2.0,245.0,243.0,2263.0518599999996,2678.0058400000003
Czechia,2002,1.0,279.25,278.25,2162.45664,2650.8261
Czechia,2003,1.0,248.0,247.0,2097.5497333333333,2606.023333333333
Czechia,2004,0.0,331.8,331.8,2018.5091066666669,2560.370673333334
Czechia,2005,0.0,201.42857142857142,201.42857142857142,1976.05142,2580.698253333333
Czechia,2006,0.0,139.4,139.4,1941.2072,2594.24792
Czechia,2007,0.0,41.8,41.8,1954.64718,2590.5391333333328
Czechia,2008,0.0,50.0,50.0,1941.6146133333332,2638.52696
Czechia,2009,0.0,53.666666666666664,53.666666666666664,1865.7049799999998,2598.7933333333335
Czechia,2010,0.6666666666666666,51.833333333333336,51.16666666666667,1834.2609133333335,2592.8357599999995
Czechia,2011,1.5,41.888888888888886,40.388888888888886,1816.4098800000002,2574.5446733333333
Czechia,2012,0.4,37.3,36.9,1813.7771200000004,2555.27238
Czechia,2013,0.6666666666666666,48.0,47.333333333333336,1819.1208800000002,2536.544646666667
Czechia,2014,0.3333333333333333,39.0,38.666666666666664,1841.080893333333,2535.6612266666666
Czechia,2015,0.3333333333333333,30.09090909090909,29.757575757575758,1871.925953333333,2504.0618066666666
Czechia,2016,0.0,44.55555555555556,44.55555555555556,1881.9473266666666,2490.61874
Czechia,2017,7.666666666666667,42.5,34.833333333333336,1888.9186933333335,2476.752226666667
Democratic People's Republic of Korea,2001,0.0,0.0,0.0,1123.3377666666668,2678.0058400000003
Democratic People's Republic of Korea,2002,1187.0,0.0,-1187.0,1150.2544866666665,2650.8261
Democratic Republic of the Congo,2012,63.0,0.0,-63.0,1504.3017666666665,2555.27238
Denmark,2000,0.0,234.6,234.6,3757.4634266666662,2649.532733333333
Denmark,2001,0.0,231.6,231.6,3846.3950466666665,2678.0058400000003
Denmark,2002,0.0,277.4,277.4,3740.007786666667,2650.8261
Denmark,2003,0.0,301.25,301.25,3669.552346666667,2606.023333333333
Denmark,2004,0.0,183.33333333333334,183.33333333333334,3582.240733333334,2560.370673333334
Denmark,2005,0.0,167.0,167.0,3513.52198,2580.698253333333
Denmark,2006,0.0,262.6666666666667,262.6666666666667,3444.30138,2594.24792
Denmark,2007,0.0,271.4,271.4,3501.1796866666664,2590.5391333333328
Denmark,2008,11.0,314.7142857142857,303.7142857142857,3426.6980399999998,2638.52696
Denmark,2009,0.0,267.875,267.875,3370.7341466666667,2598.7933333333335
Denmark,2010,0.0,123.0,123.0,3489.635433333333,2592.8357599999995
Denmark,2011,0.0,169.4,169.4,3459.8980600000004,2574.5446733333333
Denmark,2012,0.0,135.0,135.0,3478.201946666666,2555.27238
Denmark,2013,0.0,111.16666666666667,111.16666666666667,3454.669373333333,2536.544646666667
Denmark,2014,0.0,184.0,184.0,3397.928006666667,2535.6612266666666
Denmark,2015,2.0,168.14285714285714,166.14285714285714,3403.6301466666664,2504.0618066666666
Denmark,2016,0.0,120.85714285714286,120.85714285714286,3417.18808,2490.61874
Denmark,2017,1.0,86.14285714285714,85.14285714285714,3390.677646666667,2476.752226666667
Ecuador,2006,0.0,1.0,1.0,6470.187106666667,2594.24792
Ecuador,2008,0.0,0.0,0.0,6267.357666666666,2638.52696
Egypt,2017,0.0,0.0,0.0,10655.071666666667,2476.752226666667
Estonia,2002,0.0,1.0,1.0,455.7639,2650.8261
Estonia,2003,0.0,0.0,0.0,433.99061333333333,2606.023333333333
Estonia,2009,0.0,0.0,0.0,406.50892,2598.7933333333335
Estonia,2010,0.0,1.5,1.5,402.86905333333334,2592.8357599999995
Estonia,2011,0.0,1.0,1.0,405.90506,2574.5446733333333
Estonia,2012,0.0,2.0,2.0,408.3268933333333,2555.27238
Estonia,2014,0.0,2.0,2.0,433.2831933333333,2535.6612266666666
Estonia,2015,0.0,9.0,9.0,434.86048666666665,2504.0618066666666
Estonia,2016,0.0,7.0,7.0,416.00163333333336,2490.61874
Estonia,2017,0.0,5.333333333333333,5.333333333333333,398.75202666666667,2476.752226666667
Eswatini,2008,0.0,15.0,15.0,546.9759666666666,2638.52696
Eswatini,2009,0.0,6.0,6.0,548.0325399999999,2598.7933333333335
Ethiopia,2012,0.0,0.0,0.0,54612.212386666666,2555.27238
Finland,2000,0.0,200.0,200.0,1676.0850733333334,2649.532733333333
Finland,2001,0.0,20.0,20.0,1640.8173400000003,2678.0058400000003
Finland,2005,0.0,0.0,0.0,1532.00934,2580.698253333333
Finland,2007,0.0,0.0,0.0,1483.9035933333332,2590.5391333333328
Finland,2008,0.0,0.0,0.0,1469.0216133333333,2638.52696
Finland,2010,0.0,0.0,0.0,1471.9062733333333,2592.8357599999995
Finland,2011,0.0,2.0,2.0,1454.1581666666664,2574.5446733333333
Finland,2014,0.0,1.0,1.0,1449.14878,2535.6612266666666
Finland,2015,0.0,2.0,2.0,1452.1761733333335,2504.0618066666666
Finland,2016,0.0,1.0,1.0,1443.1242133333335,2490.61874
Finland,2017,0.0,0.0,0.0,1409.9082266666667,2476.752226666667
France,2000,12.0,2176.3333333333335,2164.3333333333335,30881.794966666665,2649.532733333333
France,2001,2.0,903.8888888888889,901.8888888888889,30796.033246666666,2678.0058400000003
France,2002,2.0,845.9473684210526,843.9473684210526,29979.86030666667,2650.8261
France,2003,7.5,919.6842105263158,912.1842105263158,29054.540826666667,2606.023333333333
France,2004,1.0,893.1111111111111,892.1111111111111,28656.794873333332,2560.370673333334
France,2005,60.666666666666664,773.9473684210526,713.280701754386,28459.787973333332,2580.698253333333
France,2006,28.5,771.3333333333334,742.8333333333334,28411.256126666667,2594.24792
France,2007,5.25,809.6315789473684,804.3815789473684,28712.49264,2590.5391333333328
France,2008,4.75,834.9444444444445,830.1944444444445,28817.83781333333,2638.52696
France,2009,2.0,747.3684210526316,745.3684210526316,28413.60584,2598.7933333333335
France,2010,22.166666666666668,763.5,741.3333333333334,28099.68616666667,2592.8357599999995
France,2011,97.5,686.0,588.5,27453.147826666667,2574.5446733333333
France,2012,84.44444444444444,1872.4736842105262,1788.029239766082,27276.756213333334,2555.27238
France,2013,94.77777777777777,1903.25,1808.4722222222222,27370.36079333333,2536.544646666667
France,2014,85.14285714285714,1813.7,1728.557142857143,27462.457440000002,2535.6612266666666
France,2015,26.77777777777778,1797.1,1770.322222222222,27527.896093333333,2504.0618066666666
France,2016,16.285714285714285,1703.8,1687.5142857142857,27357.155913333336,2490.61874
France,2017,5.0,1720.7,1715.7,27200.432806666664,2476.752226666667
Gabon,2003,20.0,0.0,-20.0,91.70218666666666,2606.023333333333
Gambia,2003,39.0,0.0,-39.0,403.81371333333334,2606.023333333333
Germany,2000,104.33333333333333,961.0,856.6666666666666,23573.32310666667,2649.532733333333
Germany,2001,152.16666666666666,1277.5333333333333,1125.3666666666666,23392.81302,2678.0058400000003
Germany,2002,434.0,2060.4666666666667,1626.4666666666667,22982.154853333333,2650.8261
Germany,2003,776.75,2130.5625,1353.8125,22302.667273333333,2606.023333333333
Germany,2004,2390.6666666666665,2316.3333333333335,-74.33333333333303,21680.853653333335,2560.370673333334
Germany,2005,676.6666666666666,2495.9333333333334,1819.2666666666669,21508.526586666667,2580.698253333333
Germany,2006,1209.6666666666667,2480.125,1270.4583333333333,21026.736826666667,2594.24792
Germany,2007,1245.888888888889,2666.823529411765,1420.934640522876,21019.537519999998,2590.5391333333328
Germany,2008,1165.8333333333333,3173.1111111111113,2007.277777777778,21424.955719999998,2638.52696
Germany,2009,1514.0,2737.6875,1223.6875,21367.267053333337,2598.7933333333335
Germany,2010,1289.857142857143,2581.705882352941,1291.848739495798,21088.97302,2592.8357599999995
Germany,2011,1444.1538461538462,2428.8333333333335,984.6794871794873,20911.181706666666,2574.5446733333333
Germany,2012,1471.2307692307693,1998.5,527.2692307692307,20853.416266666663,2555.27238
Germany,2013,1429.0,2538.5,1109.5,21065.552826666666,2536.544646666667
Germany,2014,1518.1538461538462,2308.1052631578946,789.9514170040484,21196.52654,2535.6612266666666
Germany,2015,1496.0714285714287,1759.0,262.92857142857133,21035.307953333337,2504.0618066666666
Germany,2016,1448.0666666666666,1659.6842105263158,211.61754385964923,20785.508626666666,2490.61874
Germany,2017,1633.2307692307693,1691.1,57.869230769230626,20596.344826666667,2476.752226666667
Ghana,2001,0.0,18.0,18.0,1988.9953733333332,2678.0058400000003
Greece,2014,0.0,0.0,0.0,3229.0444533333334,2535.6612266666666
Greece,2016,0.0,0.0,0.0,3191.6984066666664,2490.61874
Greece,2017,0.0,0.25,0.25,3342.99854,2476.752226666667
Greenland,2000,0.0,0.0,0.0,3.0892333333333335,2649.532733333333
Greenland,2002,0.0,0.0,0.0,2.885913333333333,2650.8261
Greenland,2009,0.0,0.0,0.0,3.04192,2598.7933333333335
Guatemala,2014,0.0,0.0,0.0,4513.398626666667,2535.6612266666666
Guinea,2011,19.0,0.0,-19.0,4755.846846666667,2574.5446733333333
Guinea,2012,98.0,0.0,-98.0,5011.924360000001,2555.27238
Guinea,2013,39.0,0.0,-39.0,5282.824446666667,2536.544646666667
Guinea,2014,39.0,0.0,-39.0,5515.234486666666,2535.6612266666666
Haiti,2005,0.0,2.0,2.0,2325.42994,2580.698253333333
Haiti,2006,0.0,4.0,4.0,2311.774193333333,2594.24792
Hungary,2000,0.0,1044.2857142857142,1044.2857142857142,1765.67122,2649.532733333333
Hungary,2001,133.0,834.2,701.2,1692.3903866666667,2678.0058400000003
Hungary,2002,0.0,969.5,969.5,1669.866,2650.8261
Hungary,2003,0.0,1061.4444444444443,1061.4444444444443,1675.9744333333335,2606.023333333333
Hungary,2004,10.5,853.7272727272727,843.2272727272727,1658.9385066666666,2560.370673333334
Hungary,2005,0.0,704.6363636363636,704.6363636363636,1598.2593133333332,2580.698253333333
Hungary,2006,0.0,442.09090909090907,442.09090909090907,1568.5026400000002,2594.24792
Hungary,2007,0.0,621.6666666666666,621.6666666666666,1533.0177733333333,2590.5391333333328
Hungary,2008,0.0,528.2727272727273,528.2727272727273,1509.8755866666668,2638.52696
Hungary,2009,0.0,499.7,499.7,1476.9603266666666,2598.7933333333335
Hungary,2010,0.0,477.6,477.6,1457.66518,2592.8357599999995
Hungary,2011,3.5,488.2,484.7,1428.95274,2574.5446733333333
Hungary,2012,123.0,445.54545454545456,322.54545454545456,1387.0993266666667,2555.27238
Hungary,2013,147.0,448.5833333333333,301.5833333333333,1463.5313933333332,2536.544646666667
Hungary,2014,34.666666666666664,514.5833333333334,479.9166666666667,1479.3694066666667,2535.6612266666666
Hungary,2015,60.857142857142854,520.8571428571429,460.00000000000006,1504.5943666666667,2504.0618066666666
Hungary,2016,142.5,473.4,330.9,1523.1097333333335,2490.61874
Hungary,2017,70.0,455.07142857142856,385.07142857142856,1523.4783266666666,2476.752226666667
Iceland,2005,0.0,1.5,1.5,213.60276666666664,2580.698253333333
Iceland,2006,0.0,13.0,13.0,218.60850000000002,2594.24792
Iceland,2007,0.0,17.5,17.5,221.6709,2590.5391333333328
Iceland,2008,0.0,42.0,42.0,224.48381999999998,2638.52696
Iceland,2009,0.0,13.0,13.0,228.06092,2598.7933333333335
Iceland,2010,0.0,51.0,51.0,229.02700000000002,2592.8357599999995
Iceland,2011,0.0,21.5,21.5,227.22275333333332,2574.5446733333333
Iceland,2012,0.0,25.5,25.5,223.91054666666668,2555.27238
Iceland,2013,0.0,29.5,29.5,216.49704,2536.544646666667
Iceland,2014,0.0,29.5,29.5,229.17136666666667,2535.6612266666666
Iceland,2015,0.0,26.5,26.5,233.85780666666665,2504.0618066666666
Iceland,2016,0.0,32.5,32.5,231.86769333333334,2490.61874
Iceland,2017,0.0,59.0,59.0,227.6161266666667,2476.752226666667
India,2002,0.0,0.0,0.0,227982.98608666667,2650.8261
India,2004,0.0,0.0,0.0,233367.76795333333,2560.370673333334
India,2005,0.0,0.0,0.0,237883.62498666666,2580.698253333333
India,2012,0.0,0.0,0.0,249358.59529333338,2555.27238
India,2014,0.0,0.0,0.0,249150.71588000003,2535.6612266666666
India,2015,0.0,0.0,0.0,249408.31773333333,2504.0618066666666
India,2017,8.0,0.0,-8.0,254583.39410666667,2476.752226666667
Indonesia,2000,0.0,108.0,108.0,17765.21310666667,2649.532733333333
Indonesia,2001,0.0,110.0,110.0,17969.278566666668,2678.0058400000003
Indonesia,2002,20.0,122.0,102.0,18760.404093333334,2650.8261
Indonesia,2003,119.0,101.0,-18.0,18090.528306666667,2606.023333333333
Indonesia,2004,202.0,110.0,-92.0,17999.250213333336,2560.370673333334
Indonesia,2005,316.0,115.0,-201.0,17943.405440000002,2580.698253333333
Indonesia,2006,232.0,139.0,-93.0,18407.52548,2594.24792
Indonesia,2007,0.0,85.0,85.0,19284.86598,2590.5391333333328
Indonesia,2008,0.0,91.0,91.0,19923.847733333332,2638.52696
Indonesia,2009,72.0,111.0,39.0,20810.545253333334,2598.7933333333335
Indonesia,2010,58.0,80.0,22.0,21807.61015333333,2592.8357599999995
Indonesia,2011,0.0,101.0,101.0,22782.73112,2574.5446733333333
Indonesia,2012,23.0,66.0,43.0,24553.111793333333,2555.27238
Indonesia,2013,0.0,79.0,79.0,21565.37213333333,2536.544646666667
Indonesia,2014,11.0,77.0,66.0,23990.261913333332,2535.6612266666666
Indonesia,2015,0.0,53.0,53.0,24923.24897333333,2504.0618066666666
Indonesia,2016,14.0,102.0,88.0,25367.977013333337,2490.61874
Indonesia,2017,7.0,49.0,42.0,26315.840226666664,2476.752226666667
Iran (Islamic Republic of),2000,0.0,0.0,0.0,17144.619086666666,2649.532733333333
Iran (Islamic Republic of),2001,0.0,0.0,0.0,17073.725286666668,2678.0058400000003
Iran (Islamic Republic of),2009,0.0,8.0,8.0,16255.469333333334,2598.7933333333335
Iran (Islamic Republic of),2013,0.0,1.0,1.0,15705.899826666668,2536.544646666667
Iran (Islamic Republic of),2014,0.0,4.0,4.0,12133.58882,2535.6612266666666
Iran (Islamic Republic of),2015,0.0,20.0,20.0,13019.269453333334,2504.0618066666666
Iran (Islamic Republic of),2016,0.0,21.0,21.0,13138.625680000001,2490.61874
Iran (Islamic Republic of),2017,0.0,0.0,0.0,12820.947253333334,2476.752226666667
Ireland,2000,0.0,7.666666666666667,7.666666666666667,10220.239246666666,2649.532733333333
Ireland,2001,0.0,13.5,13.5,10200.196173333334,2678.0058400000003
Ireland,2002,0.0,15.0,15.0,10102.672026666667,2650.8261
Ireland,2003,0.0,0.0,0.0,10030.370460000002,2606.023333333333
Ireland,2004,0.0,22.0,22.0,10029.520586666667,2560.370673333334
Ireland,2005,0.0,29.5,29.5,9830.397993333334,2580.698253333333
Ireland,2006,0.0,13.25,13.25,9773.18866,2594.24792
Ireland,2007,0.0,23.5,23.5,9602.646380000002,2590.5391333333328
Ireland,2008,0.0,62.0,62.0,9530.345786666667,2638.52696
Ireland,2009,0.0,231.0,231.0,9464.890806666666,2598.7933333333335
Ireland,2010,0.0,670.6666666666666,670.6666666666666,9147.316180000002,2592.8357599999995
Ireland,2011,1.0,483.0,482.0,9098.22634,2574.5446733333333
Ireland,2012,0.0,730.75,730.75,9463.521446666668,2555.27238
Ireland,2013,0.0,729.75,729.75,9608.482066666667,2536.544646666667
Ireland,2014,0.0,598.5,598.5,9716.737226666668,2535.6612266666666
Ireland,2015,0.0,567.2,567.2,9838.411759999999,2504.0618066666666
Ireland,2016,0.0,552.4285714285714,552.4285714285714,10233.271113333332,2490.61874
Ireland,2017,0.0,834.6,834.6,10417.4289,2476.752226666667
Israel,2000,0.0,59.8,59.8,564.8825133333333,2649.532733333333
Israel,2001,0.0,50.6,50.6,568.2913733333332,2678.0058400000003
Israel,2002,0.0,38.6,38.6,527.7995666666667,2650.8261
Israel,2003,0.0,79.75,79.75,544.3332,2606.023333333333
Israel,2004,0.0,155.66666666666666,155.66666666666666,535.6010133333333,2560.370673333334
Israel,2005,0.0,35.5,35.5,548.41526,2580.698253333333
Israel,2006,0.0,3.6666666666666665,3.6666666666666665,601.5379533333332,2594.24792
Israel,2007,0.0,0.0,0.0,597.9619066666667,2590.5391333333328
Israel,2008,0.0,40.5,40.5,614.5397800000001,2638.52696
Israel,2009,0.0,12.0,12.0,602.9868866666666,2598.7933333333335
Israel,2010,0.0,20.5,20.5,637.35238,2592.8357599999995
Israel,2011,0.0,25.5,25.5,639.86036,2574.5446733333333
Israel,2012,0.0,23.0,23.0,644.2550466666667,2555.27238
Israel,2013,0.0,14.0,14.0,662.1381133333332,2536.544646666667
Israel,2016,0.0,0.0,0.0,699.2058400000001,2490.61874
Israel,2017,0.0,0.0,0.0,737.37906,2476.752226666667
Italy,2000,0.0,217.1875,217.1875,13517.004239999998,2649.532733333333
Italy,2001,17.0,183.06666666666666,166.06666666666666,11594.279633333334,2678.0058400000003
Italy,2002,11.0,224.4,213.4,12519.127866666666,2650.8261
Italy,2003,0.0,280.4375,280.4375,12076.645373333335,2606.023333333333
Italy,2004,0.0,205.5,205.5,12071.592906666667,2560.370673333334
Italy,2005,11.5,194.7058823529412,183.2058823529412,11743.35828,2580.698253333333
Italy,2006,83.0,238.8125,155.8125,11709.6709,2594.24792
Italy,2007,46.833333333333336,258.2352941176471,211.40196078431373,11635.729686666667,2590.5391333333328
Italy,2008,87.0,275.36842105263156,188.36842105263156,11915.329199999998,2638.52696
Italy,2009,138.33333333333334,381.05555555555554,242.7222222222222,11835.103906666667,2598.7933333333335
Italy,2010,240.4,365.5263157894737,125.1263157894737,11833.55035333333,2592.8357599999995
Italy,2011,203.57142857142858,242.11111111111111,38.53968253968253,11392.005866666666,2574.5446733333333
Italy,2012,180.2,195.1,14.900000000000006,11565.83392,2555.27238
Italy,2013,68.0,214.05263157894737,146.05263157894737,11398.757466666666,2536.544646666667
Italy,2014,55.2,164.45,109.24999999999999,11236.037213333335,2535.6612266666666
Italy,2015,11.75,169.4,157.65,11251.91452666667,2504.0618066666666
Italy,2016,22.875,214.95,192.075,11437.187600000001,2490.61874
Italy,2017,40.0,128.5,88.5,11429.182046666667,2476.752226666667
Japan,2000,0.0,0.0,0.0,5755.503693333334,2649.532733333333
Japan,2003,0.0,0.0,0.0,5655.7398066666665,2606.023333333333
Japan,2004,0.0,0.0,0.0,5596.492393333334,2560.370673333334
Japan,2005,0.0,0.0,0.0,5483.968993333333,2580.698253333333
Japan,2006,0.0,0.3333333333333333,0.3333333333333333,5494.553233333333,2594.24792
Japan,2007,1.0,0.0,-1.0,5515.300433333334,2590.5391333333328
Japan,2011,0.0,1.0,1.0,5147.128646666667,2574.5446733333333
Japan,2014,0.0,1.0,1.0,5068.810020000001,2535.6612266666666
Japan,2015,0.0,0.6666666666666666,0.6666666666666666,4963.383293333333,2504.0618066666666
Japan,2016,0.0,0.75,0.75,4923.586993333333,2490.61874
Japan,2017,0.0,1.5,1.5,4925.491853333333,2476.752226666667
Kazakhstan,2002,0.0,0.0,0.0,6450.735466666666,2650.8261
Kazakhstan,2003,0.0,0.0,0.0,6843.961706666667,2606.023333333333
Kenya,2015,0.0,0.0,0.0,24521.496006666668,2504.0618066666666
Kenya,2016,0.0,0.0,0.0,26774.41963333333,2490.61874
Kuwait,2013,0.0,0.0,0.0,230.44133333333332,2536.544646666667
Latvia,2014,0.0,1.0,1.0,668.40472,2535.6612266666666
Latvia,2017,0.0,0.0,0.0,661.0090333333334,2476.752226666667
Lithuania,2001,0.0,20.0,20.0,1389.3236266666665,2678.0058400000003
Lithuania,2002,0.0,31.0,31.0,1405.5485333333336,2650.8261
Lithuania,2012,0.0,1.0,1.0,1272.46468,2555.27238
Lithuania,2013,0.0,7.0,7.0,1231.901386666667,2536.544646666667
Lithuania,2014,0.0,8.0,8.0,1202.2181866666667,2535.6612266666666
Lithuania,2015,0.0,18.0,18.0,1223.80618,2504.0618066666666
Lithuania,2016,0.0,15.0,15.0,1195.1647333333333,2490.61874
Lithuania,2017,0.0,33.0,33.0,1150.88902,2476.752226666667
Luxembourg,2007,0.0,0.0,0.0,259.65275333333335,2590.5391333333328
Luxembourg,2008,0.0,0.0,0.0,264.06317333333334,2638.52696
Luxembourg,2011,0.0,2.0,2.0,262.65256,2574.5446733333333
Luxembourg,2014,0.0,0.0,0.0,271.11567333333335,2535.6612266666666
Luxembourg,2015,0.0,0.0,0.0,275.16642666666667,2504.0618066666666
Luxembourg,2016,2.0,0.0,-2.0,279.7539733333333,2490.61874
Luxembourg,2017,1.0,0.0,-1.0,282.78475333333336,2476.752226666667
Malaysia,2002,0.0,0.0,0.0,1392.8755666666666,2650.8261
Malaysia,2005,0.0,3.0,3.0,1485.3786,2580.698253333333
Malaysia,2008,3.0,0.0,-3.0,1619.5882133333334,2638.52696
Malaysia,2012,20.0,0.0,-20.0,1618.3685466666666,2555.27238
Malaysia,2013,38.0,0.0,-38.0,1678.0565133333334,2536.544646666667
Malaysia,2014,37.0,0.0,-37.0,1690.0457333333334,2535.6612266666666
Malaysia,2015,20.0,0.0,-20.0,1632.3575266666667,2504.0618066666666
Malaysia,2016,18.0,0.0,-18.0,1615.49334,2490.61874
Malaysia,2017,29.0,0.0,-29.0,1659.1871,2476.752226666667
Maldives,2016,4.0,0.0,-4.0,0.0,2490.61874
Maldives,2017,50.0,0.0,-50.0,0.0,2476.752226666667
Marshall Islands,2008,3.0,0.0,-3.0,0.0,2638.52696
Mexico,2001,0.0,6.0,6.0,42888.286386666674,2678.0058400000003
Mexico,2002,0.0,50.0,50.0,43881.098399999995,2650.8261
Mexico,2003,0.0,64.0,64.0,43979.88514,2606.023333333333
Mexico,2004,0.0,55.0,55.0,43808.942813333335,2560.370673333334
Mexico,2005,0.0,64.0,64.0,43575.839986666666,2580.698253333333
Mexico,2006,0.0,69.0,69.0,43857.94191333333,2594.24792
Mexico,2007,0.0,874.0,874.0,44183.90886666667,2590.5391333333328
Mexico,2008,0.0,1030.0,1030.0,44658.82089333333,2638.52696
Mexico,2009,0.0,954.0,954.0,45320.07952666667,2598.7933333333335
Mexico,2010,0.0,1173.0,1173.0,45733.00922,2592.8357599999995
Mexico,2011,0.0,1038.0,1038.0,46093.81186666666,2574.5446733333333
Mexico,2012,0.0,526.5,526.5,44981.008226666665,2555.27238
Mexico,2013,0.0,882.0,882.0,45552.85682666666,2536.544646666667
Mexico,2014,0.0,772.0,772.0,46173.28840666667,2535.6612266666666
Mexico,2015,0.0,42.0,42.0,46863.53054666666,2504.0618066666666
Morocco,2015,0.0,0.0,0.0,7447.992966666667,2504.0618066666666
Myanmar,2014,2.0,0.0,-2.0,21641.40932,2535.6612266666666
Myanmar,2015,4.0,0.0,-4.0,22808.299226666662,2504.0618066666666
Myanmar,2016,10.0,0.0,-10.0,23721.84099333333,2490.61874
Myanmar,2017,21.0,0.0,-21.0,24630.078866666667,2476.752226666667
Namibia,2017,0.0,7.0,7.0,2796.0411,2476.752226666667
Netherlands,2000,40.0,1217.375,1177.375,7522.818813333333,2649.532733333333
Netherlands,2001,19.0,1058.0,1039.0,7492.764753333333,2678.0058400000003
Netherlands,2002,0.0,993.8888888888889,993.8888888888889,7158.4439533333325,2650.8261
Netherlands,2003,0.0,473.6666666666667,473.6666666666667,7011.58172,2606.023333333333
Netherlands,2004,1.0,470.27272727272725,469.27272727272725,6988.6436466666655,2560.370673333334
Netherlands,2005,0.0,658.5384615384615,658.5384615384615,7049.5867,2580.698253333333
Netherlands,2006,12.5,861.1538461538462,848.6538461538462,6950.031646666666,2594.24792
Netherlands,2007,18.666666666666668,1107.6923076923076,1089.0256410256409,7059.97344,2590.5391333333328
Netherlands,2008,0.0,1751.6153846153845,1751.6153846153845,7313.5065,2638.52696
Netherlands,2009,2.6666666666666665,1256.142857142857,1253.4761904761904,7380.877146666667,2598.7933333333335
Netherlands,2010,4.0,928.5294117647059,924.5294117647059,7404.770506666667,2592.8357599999995
Netherlands,2011,63.5,885.5882352941177,822.0882352941177,7299.109866666667,2574.5446733333333
Netherlands,2012,454.8,1046.2941176470588,591.4941176470588,7264.163713333332,2555.27238
Netherlands,2013,365.6666666666667,1275.875,910.2083333333333,7455.245126666667,2536.544646666667
Netherlands,2014,349.3333333333333,1762.5333333333333,1413.2,7667.450926666666,2535.6612266666666
Netherlands,2015,69.83333333333333,1648.0,1578.1666666666667,7970.799306666667,2504.0618066666666
Netherlands,2016,317.6,1827.4666666666667,1509.8666666666668,8027.870806666666,2490.61874
Netherlands,2017,668.5,1444.3125,775.8125,7564.4376,2476.752226666667
New Caledonia,2000,0.0,3.0,3.0,157.49635333333333,2649.532733333333
New Zealand,2000,0.0,906.6,906.6,23100.833653333335,2649.532733333333
New Zealand,2001,0.0,540.125,540.125,23123.287853333335,2678.0058400000003
New Zealand,2002,0.0,844.2,844.2,23651.25348,2650.8261
New Zealand,2003,0.0,927.0,927.0,23877.02136,2606.023333333333
New Zealand,2004,0.0,1031.0,1031.0,23756.333939999997,2560.370673333334
New Zealand,2005,0.0,873.0,873.0,23759.144060000002,2580.698253333333
New Zealand,2006,0.0,746.8,746.8,23948.671186666666,2594.24792
New Zealand,2007,0.0,634.0,634.0,23688.85884666667,2590.5391333333328
New Zealand,2008,0.0,1180.6666666666667,1180.6666666666667,22964.267426666665,2638.52696
New Zealand,2009,0.0,792.25,792.25,23102.658713333338,2598.7933333333335
New Zealand,2010,0.0,551.6666666666666,551.6666666666666,23062.604053333333,2592.8357599999995
New Zealand,2011,0.0,811.0,811.0,23055.015153333334,2574.5446733333333
New Zealand,2012,0.0,691.0,691.0,23419.941626666667,2555.27238
New Zealand,2013,0.0,663.2,663.2,23316.101986666665,2536.544646666667
New Zealand,2014,0.0,865.75,865.75,23469.302106666666,2535.6612266666666
New Zealand,2015,0.0,609.5,609.5,22792.736613333334,2504.0618066666666
New Zealand,2016,0.0,681.0,681.0,22734.37936,2490.61874
New Zealand,2017,0.0,560.0,560.0,22608.842360000002,2476.752226666667
Niger,2017,0.0,7.0,7.0,17049.100819999996,2476.752226666667
North Macedonia,2011,44.0,0.0,-44.0,603.8405799999999,2574.5446733333333
North Macedonia,2012,129.0,0.0,-129.0,564.9748933333333,2555.27238
North Macedonia,2013,0.0,1.0,1.0,559.6158399999999,2536.544646666667
North Macedonia,2017,0.0,6.0,6.0,586.6310133333334,2476.752226666667
Norway,2007,0.0,0.0,0.0,1747.3689666666667,2590.5391333333328
Norway,2009,4.0,0.0,-4.0,1709.8544666666667,2598.7933333333335
Norway,2014,0.0,2.0,2.0,1655.1356866666667,2535.6612266666666
Norway,2015,0.0,1.0,1.0,1685.4227066666667,2504.0618066666666
Oman,2017,0.0,0.0,0.0,997.0336200000002,2476.752226666667
Panama,2000,0.0,8.0,8.0,1643.61562,2649.532733333333
Panama,2001,0.0,7.0,7.0,1848.3352266666668,2678.0058400000003
Paraguay,2000,0.0,57.5,57.5,11347.2009,2649.532733333333
Paraguay,2001,0.0,5.0,5.0,11519.37756,2678.0058400000003
Paraguay,2002,0.0,5.0,5.0,10785.789686666667,2650.8261
Paraguay,2004,0.0,1.0,1.0,11215.327066666665,2560.370673333334
Paraguay,2008,0.0,9.0,9.0,12132.286586666665,2638.52696
Paraguay,2009,0.0,87.0,87.0,13426.85416666667,2598.7933333333335
Paraguay,2010,0.0,583.0,583.0,14175.923273333336,2592.8357599999995
Paraguay,2011,0.0,918.0,918.0,14328.89278,2574.5446733333333
Paraguay,2015,0.0,366.0,366.0,16349.12046,2504.0618066666666
Paraguay,2016,0.0,865.0,865.0,15951.690793333335,2490.61874
Paraguay,2017,0.0,1384.0,1384.0,15911.54146,2476.752226666667
Peru,2005,0.0,1.0,1.0,11632.5437,2580.698253333333
Philippines,2000,22.0,0.0,-22.0,7606.976906666668,2649.532733333333
Philippines,2001,0.0,0.0,0.0,7688.527239999999,2678.0058400000003
Philippines,2002,0.0,0.0,0.0,7870.211660000001,2650.8261
Philippines,2003,0.0,0.0,0.0,8017.887566666666,2606.023333333333
Philippines,2010,0.0,0.0,0.0,7972.691633333333,2592.8357599999995
Philippines,2012,6.0,0.0,-6.0,7401.632073333333,2555.27238
Philippines,2013,6.0,0.0,-6.0,7345.131046666667,2536.544646666667
Philippines,2014,6.5,8.0,1.5,7292.082359999999,2535.6612266666666
Philippines,2015,6.5,1.0,-5.5,7351.7276,2504.0618066666666
Philippines,2016,11.5,0.0,-11.5,7437.59258,2490.61874
Philippines,2017,12.0,0.0,-12.0,7442.00696,2476.752226666667
Poland,2000,230.0,69.6,-160.4,9858.072406666666,2649.532733333333
Poland,2001,57.0,25.5,-31.5,9445.357773333333,2678.0058400000003
Poland,2002,0.0,91.5,91.5,9287.70342,2650.8261
Poland,2003,0.0,416.1666666666667,416.1666666666667,9228.11616,2606.023333333333
Poland,2004,0.0,913.2,913.2,8903.42578,2560.370673333334
Poland,2005,0.0,393.0,393.0,9080.509506666667,2580.698253333333
Poland,2006,0.0,263.44444444444446,263.44444444444446,9256.630926666665,2594.24792
Poland,2007,20.0,357.375,337.375,9296.241866666667,2590.5391333333328
Poland,2008,0.0,323.0,323.0,9182.932786666664,2638.52696
Poland,2009,0.0,158.2,158.2,8945.774140000001,2598.7933333333335
Poland,2010,0.0,284.85714285714283,284.85714285714283,9017.133933333333,2592.8357599999995
Poland,2011,32.0,395.7142857142857,363.7142857142857,8847.959420000001,2574.5446733333333
Poland,2012,137.0,418.0,281.0,8707.61908,2555.27238
Poland,2013,56.0,273.1,217.10000000000002,8691.196393333332,2536.544646666667
Poland,2014,151.0,237.3,86.30000000000001,8735.719106666667,2535.6612266666666
Poland,2015,107.0,213.69230769230768,106.69230769230768,8774.29654,2504.0618066666666
Poland,2016,60.0,171.25,111.25,8619.314013333333,2490.61874
Poland,2017,193.0,128.3846153846154,-64.61538461538461,8884.148173333333,2476.752226666667
Portugal,2000,0.0,0.0,0.0,3009.6976799999998,2649.532733333333
Portugal,2001,0.0,1.0,1.0,2778.067253333333,2678.0058400000003
Portugal,2004,0.0,1.0,1.0,2732.715833333333,2560.370673333334
Portugal,2005,0.0,1.0,1.0,2779.5404266666665,2580.698253333333
Portugal,2006,0.0,0.0,0.0,2742.6710133333336,2594.24792
Portugal,2007,0.0,1.0,1.0,2732.0617933333333,2590.5391333333328
Portugal,2008,0.0,0.5,0.5,2737.35756,2638.52696
Portugal,2009,0.0,0.5714285714285714,0.5714285714285714,2689.98424,2598.7933333333335
Portugal,2010,0.0,1.3636363636363635,1.3636363636363635,2593.48112,2592.8357599999995
Portugal,2011,0.0,5.333333333333333,5.333333333333333,2647.8153133333335,2574.5446733333333
Portugal,2012,0.0,16.714285714285715,16.714285714285715,2623.609766666667,2555.27238
Portugal,2013,0.0,13.222222222222221,13.222222222222221,2581.4141933333335,2536.544646666667
Portugal,2014,0.0,41.5,41.5,2673.3742466666663,2535.6612266666666
Portugal,2015,0.0,38.214285714285715,38.214285714285715,2760.5801133333334,2504.0618066666666
Portugal,2016,0.0,41.46666666666667,41.46666666666667,2778.740333333333,2490.61874
Portugal,2017,0.0,38.6875,38.6875,2846.38818,2476.752226666667
Qatar,2011,0.0,0.0,0.0,142.17918,2574.5446733333333
Republic of Korea,2001,0.0,0.0,0.0,2540.719686666667,2678.0058400000003
Republic of Korea,2006,0.0,0.0,0.0,3095.9366800000003,2594.24792
Republic of Korea,2015,0.0,0.0,0.0,3969.94888,2504.0618066666666
Republic of Moldova,2001,16.0,0.0,-16.0,795.5400333333333,2678.0058400000003
Republic of Moldova,2012,39.0,0.0,-39.0,525.4241266666667,2555.27238
Republic of Moldova,2014,0.0,0.0,0.0,507.1102,2535.6612266666666
Romania,2000,0.0,24.5,24.5,6676.220346666667,2649.532733333333
Romania,2001,41.75,36.0,-5.75,6348.287393333334,2678.0058400000003
Romania,2002,18.666666666666668,143.0,124.33333333333333,6177.4408,2650.8261
Romania,2003,17.5,39.0,21.5,6345.7197,2606.023333333333
Romania,2004,17.0,64.0,47.0,6385.900933333332,2560.370673333334
Romania,2005,39.0,45.0,6.0,6358.758946666667,2580.698253333333
Romania,2006,10.75,0.0,-10.75,6493.690146666668,2594.24792
Romania,2007,19.0,27.0,8.0,6592.4375266666675,2590.5391333333328
Romania,2008,0.0,6.333333333333333,6.333333333333333,6577.748599999999,2638.52696
Romania,2009,0.0,0.0,0.0,6411.626133333332,2598.7933333333335
Romania,2010,0.0,0.0,0.0,6189.1162466666665,2592.8357599999995
Romania,2012,19.0,0.0,-19.0,5310.00642,2555.27238
Romania,2014,0.0,1.0,1.0,5425.140886666667,2535.6612266666666
Romania,2015,16.0,1.5,-14.5,5531.715040000001,2504.0618066666666
Romania,2016,0.0,23.666666666666668,23.666666666666668,5593.0193266666665,2490.61874
Romania,2017,0.0,55.0,55.0,5535.801079999999,2476.752226666667
Russian Federation,2000,140.0,13.0,-127.0,42413.3009,2649.532733333333
Russian Federation,2001,132.0,0.0,-132.0,41372.54228666666,2678.0058400000003
Russian Federation,2002,52.0,0.0,-52.0,41069.816906666674,2650.8261
Russian Federation,2012,20.0,0.0,-20.0,32470.97423333333,2555.27238
Russian Federation,2013,20.0,0.0,-20.0,32456.273446666666,2536.544646666667
Russian Federation,2014,111.66666666666667,1.0,-110.66666666666667,31994.523806666664,2535.6612266666666
Russian Federation,2015,248.0,2.0,-246.0,31686.38944,2504.0618066666666
Russian Federation,2016,20.5,2.0,-18.5,31487.664139999997,2490.61874
Russian Federation,2017,138.0,6.5,-131.5,31177.82531333333,2476.752226666667
Samoa,2006,0.0,12.0,12.0,73.73779333333333,2594.24792
Samoa,2007,0.0,6.0,6.0,71.10499333333333,2590.5391333333328
Samoa,2008,0.0,3.0,3.0,70.12533333333333,2638.52696
Samoa,2009,0.0,2.0,2.0,78.44866,2598.7933333333335
Saudi Arabia,2003,0.0,2.5,2.5,2577.045273333333,2606.023333333333
Senegal,2001,22.0,0.0,-22.0,4097.380126666667,2678.0058400000003
Senegal,2002,86.0,0.0,-86.0,3992.65708,2650.8261
Senegal,2003,124.0,0.0,-124.0,4042.8620199999996,2606.023333333333
Senegal,2004,21.0,0.0,-21.0,4096.447533333333,2560.370673333334
Senegal,2005,33.0,0.0,-33.0,4180.630266666667,2580.698253333333
Serbia,2011,40.0,0.0,-40.0,2138.41702,2574.5446733333333
Serbia,2012,300.0,20.0,-280.0,2118.646613333333,2555.27238
Serbia,2013,960.0,0.0,-960.0,2083.9889000000003,2536.544646666667
Serbia,2014,563.0,0.0,-563.0,2135.2167000000004,2535.6612266666666
Serbia,2015,325.0,0.0,-325.0,2110.2867533333338,2504.0618066666666
Serbia,2016,166.0,0.0,-166.0,2031.893786666667,2490.61874
Seychelles,2008,0.0,0.0,0.0,2.957253333333333,2638.52696
Seychelles,2009,0.0,1.0,1.0,2.529873333333333,2598.7933333333335
Seychelles,2010,0.0,0.0,0.0,2.385693333333333,2592.8357599999995
Singapore,2002,140.0,0.0,-140.0,6.26642,2650.8261
Singapore,2003,177.0,0.0,-177.0,6.7646,2606.023333333333
Singapore,2004,187.0,0.0,-187.0,6.53664,2560.370673333334
Singapore,2005,251.0,2.0,-249.0,6.385493333333333,2580.698253333333
Singapore,2006,122.0,0.0,-122.0,6.431839999999999,2594.24792
Singapore,2010,19.0,0.0,-19.0,7.546286666666667,2592.8357599999995
Singapore,2011,19.0,0.0,-19.0,7.398,2574.5446733333333
Singapore,2012,46.0,0.0,-46.0,7.725713333333333,2555.27238
Singapore,2013,18.0,0.0,-18.0,7.726113333333332,2536.544646666667
Singapore,2014,12.666666666666666,0.0,-12.666666666666666,7.726113333333332,2535.6612266666666
Singapore,2015,31.0,0.0,-31.0,7.760753333333332,2504.0618066666666
Singapore,2016,47.0,0.0,-47.0,7.999666666666666,2490.61874
Singapore,2017,51.0,0.0,-51.0,8.228826666666667,2476.752226666667
Slovakia,2000,0.0,59.0,59.0,1045.41176,2649.532733333333
Slovakia,2001,0.0,55.0,55.0,1018.2089333333333,2678.0058400000003
Slovakia,2002,0.0,37.0,37.0,989.6407866666667,2650.8261
Slovakia,2005,0.0,2.3333333333333335,2.3333333333333335,852.8933066666666,2580.698253333333
Slovakia,2006,0.0,17.0,17.0,835.6987666666668,2594.24792
Slovakia,2010,0.0,0.0,0.0,740.9978733333335,2592.8357599999995
Slovakia,2011,0.0,29.0,29.0,733.03506,2574.5446733333333
Slovakia,2012,0.0,0.0,0.0,717.42662,2555.27238
Slovakia,2016,0.0,1.0,1.0,703.31052,2490.61874
Slovakia,2017,0.0,4.0,4.0,681.4815,2476.752226666667
Slovenia,2000,0.0,82.5,82.5,724.3763799999999,2649.532733333333
Slovenia,2001,0.0,59.0,59.0,756.1263333333334,2678.0058400000003
Slovenia,2002,0.0,32.5,32.5,733.7098266666667,2650.8261
Slovenia,2003,0.0,3.0,3.0,741.9727533333333,2606.023333333333
Slovenia,2004,0.0,2.25,2.25,703.3432799999999,2560.370673333334
Slovenia,2006,0.0,2.0,2.0,692.6391133333334,2594.24792
Slovenia,2007,0.0,2.0,2.0,688.9734733333333,2590.5391333333328
Slovenia,2008,0.0,0.5,0.5,718.3814199999999,2638.52696
Slovenia,2009,0.0,176.33333333333334,176.33333333333334,696.36134,2598.7933333333335
Slovenia,2010,1.0,140.16666666666666,139.16666666666666,698.4103866666668,2592.8357599999995
Slovenia,2011,0.0,209.16666666666666,209.16666666666666,688.37688,2574.5446733333333
Slovenia,2012,2.5,292.4,289.9,673.54714,2555.27238
Slovenia,2013,1.0,336.5,335.5,667.0399200000002,2536.544646666667
Slovenia,2014,12.0,309.2,297.2,664.4939,2535.6612266666666
Slovenia,2015,9.0,400.25,391.25,671.7336133333333,2504.0618066666666
Slovenia,2016,3.0,473.0,470.0,693.8062066666668,2490.61874
Slovenia,2017,5.0,345.6666666666667,340.6666666666667,693.85114,2476.752226666667
South Africa,2000,0.0,463.5,463.5,15879.434746666664,2649.532733333333
South Africa,2001,0.0,378.6666666666667,378.6666666666667,15848.117159999998,2678.0058400000003
South Africa,2002,0.0,297.0,297.0,15570.95978,2650.8261
South Africa,2003,0.0,235.16666666666666,235.16666666666666,15430.330073333334,2606.023333333333
South Africa,2004,0.0,436.3333333333333,436.3333333333333,15351.279953333335,2560.370673333334
South Africa,2005,0.0,265.6666666666667,265.6666666666667,15511.65104666667,2580.698253333333
South Africa,2006,0.0,262.25,262.25,15292.795553333333,2594.24792
South Africa,2007,0.0,366.0,366.0,15615.387146666666,2590.5391333333328
South Africa,2008,0.0,356.5,356.5,15759.878586666668,2638.52696
South Africa,2009,0.0,254.0,254.0,15686.327746666666,2598.7933333333335
South Africa,2010,0.0,303.3333333333333,303.3333333333333,15621.043706666667,2592.8357599999995
South Africa,2011,0.0,95.66666666666667,95.66666666666667,15549.58718,2574.5446733333333
South Africa,2012,0.0,5.666666666666667,5.666666666666667,15697.57588,2555.27238
South Africa,2013,0.0,4.0,4.0,15602.257206666667,2536.544646666667
South Africa,2014,0.0,78.0,78.0,15569.381280000001,2535.6612266666666
South Africa,2015,0.0,198.0,198.0,15351.199326666665,2504.0618066666666
South Africa,2016,0.0,194.0,194.0,15053.677233333336,2490.61874
South Africa,2017,0.0,333.0,333.0,14608.003260000001,2476.752226666667
Spain,2000,0.0,37.2,37.2,15125.1868,2649.532733333333
Spain,2001,0.0,69.5,69.5,15464.465726666667,2678.0058400000003
Spain,2002,0.0,337.4,337.4,15557.56734,2650.8261
Spain,2003,0.0,295.0,295.0,15605.514786666667,2606.023333333333
Spain,2004,0.0,285.4,285.4,15582.918393333332,2560.370673333334
Spain,2005,0.0,192.0,192.0,15310.735113333332,2580.698253333333
Spain,2006,22.0,215.5,193.5,15024.311706666665,2594.24792
Spain,2007,39.0,190.22222222222223,151.22222222222223,15410.062346666668,2590.5391333333328
Spain,2008,90.0,267.5,177.5,14339.77188,2638.52696
Spain,2009,9.0,436.2,427.2,14370.616226666665,2598.7933333333335
Spain,2010,46.0,316.45454545454544,270.45454545454544,14023.999413333333,2592.8357599999995
Spain,2011,80.0,230.73333333333332,150.73333333333332,13508.015146666668,2574.5446733333333
Spain,2012,25.666666666666668,288.9230769230769,263.2564102564102,13248.76248,2555.27238
Spain,2013,157.0,332.38461538461536,175.38461538461536,13141.404706666668,2536.544646666667
Spain,2014,12.0,187.92307692307693,175.92307692307693,13532.790493333334,2535.6612266666666
Spain,2015,0.0,78.0,78.0,14093.33994,2504.0618066666666
Spain,2016,37.75,191.1875,153.4375,14128.91492,2490.61874
Spain,2017,92.5,149.64705882352942,57.14705882352942,14407.801413333334,2476.752226666667
Sri Lanka,2000,0.0,0.0,0.0,1049.8716066666664,2649.532733333333
Sri Lanka,2001,0.0,0.0,0.0,1038.9223133333332,2678.0058400000003
Sri Lanka,2002,0.0,0.0,0.0,990.28966,2650.8261
Sri Lanka,2003,0.0,0.0,0.0,1009.0058333333334,2606.023333333333
Sri Lanka,2008,0.0,0.0,0.0,1100.9068266666666,2638.52696
Sri Lanka,2009,0.0,0.0,0.0,1115.6009466666665,2598.7933333333335
Sri Lanka,2010,0.0,0.0,0.0,1186.95816,2592.8357599999995
Sri Lanka,2011,0.0,0.0,0.0,1182.53456,2574.5446733333333
Sri Lanka,2012,0.0,0.0,0.0,1231.2397599999997,2555.27238
Sweden,2000,0.0,2.0,2.0,2531.04216,2649.532733333333
Sweden,2001,0.0,37.333333333333336,37.333333333333336,2487.55908,2678.0058400000003
Sweden,2002,0.0,3.0,3.0,2463.3255,2650.8261
Sweden,2003,0.0,3.5,3.5,2424.72588,2606.023333333333
Sweden,2004,0.0,5.5,5.5,2445.796813333333,2560.370673333334
Sweden,2005,0.0,3.0,3.0,2410.070826666667,2580.698253333333
Sweden,2006,0.0,4.0,4.0,2382.13794,2594.24792
Sweden,2007,0.0,3.0,3.0,2327.6335799999997,2590.5391333333328
Sweden,2008,0.0,2.0,2.0,2323.545333333333,2638.52696
Sweden,2009,0.0,2.25,2.25,2288.095293333333,2598.7933333333335
Sweden,2010,0.0,2.3333333333333335,2.3333333333333335,2282.5847266666665,2592.8357599999995
Sweden,2011,1.0,4.0,3.0,2263.671793333333,2574.5446733333333
Sweden,2012,0.0,8.0,8.0,2240.80794,2555.27238
Sweden,2013,0.0,4.0,4.0,2229.0036066666667,2536.544646666667
Sweden,2014,0.0,0.6,0.6,2225.2979000000005,2535.6612266666666
Sweden,2015,0.0,1.3333333333333333,1.3333333333333333,2159.3267666666666,2504.0618066666666
Sweden,2016,0.0,1.0,1.0,2158.0912399999997,2490.61874
Sweden,2017,0.0,1.25,1.25,2059.293213333333,2476.752226666667
Thailand,2000,0.0,37.0,37.0,7250.578046666667,2649.532733333333
Thailand,2001,0.0,22.0,22.0,7127.09868,2678.0058400000003
Thailand,2002,0.0,116.66666666666667,116.66666666666667,7400.55014,2650.8261
Thailand,2003,0.0,1019.6666666666666,1019.6666666666666,7737.086293333333,2606.023333333333
Thailand,2004,0.0,191.66666666666666,191.66666666666666,8016.045993333334,2560.370673333334
Thailand,2005,0.0,0.6666666666666666,0.6666666666666666,8307.8791,2580.698253333333
Thailand,2007,0.0,9.5,9.5,9194.616586666667,2590.5391333333328
Thailand,2008,0.0,0.0,0.0,9289.88676,2638.52696
Thailand,2009,0.0,1.0,1.0,9207.26684,2598.7933333333335
Thailand,2010,0.0,2.0,2.0,8985.23628,2592.8357599999995
Thailand,2011,0.0,0.0,0.0,8418.295586666667,2574.5446733333333
Thailand,2012,0.0,8.0,8.0,7957.932113333333,2555.27238
Thailand,2013,0.0,63.0,63.0,7460.636853333333,2536.544646666667
Thailand,2014,0.0,34.0,34.0,6960.414386666667,2535.6612266666666
Thailand,2015,0.0,97.25,97.25,6801.536506666667,2504.0618066666666
Thailand,2016,0.0,125.66666666666667,125.66666666666667,6843.466046666666,2490.61874
Thailand,2017,0.0,136.0,136.0,6748.182613333333,2476.752226666667
Turkey,2000,0.0,15.0,15.0,16935.096233333334,2649.532733333333
Turkey,2001,0.0,26.0,26.0,16157.853713333334,2678.0058400000003
Turkey,2002,0.0,8.0,8.0,15557.4093,2650.8261
Turkey,2003,0.0,19.0,19.0,14982.358400000001,2606.023333333333
Turkey,2004,0.0,12.0,12.0,14585.4571,2560.370673333334
Turkey,2005,0.0,1.0,1.0,14824.228780000001,2580.698253333333
Turkey,2006,0.0,13.0,13.0,15305.085006666664,2594.24792
Turkey,2007,0.0,6.0,6.0,15476.728166666668,2590.5391333333328
Turkey,2009,0.0,0.0,0.0,14946.16252,2598.7933333333335
Turkey,2010,0.0,1.0,1.0,14576.957733333336,2592.8357599999995
Turkey,2011,0.0,17.0,17.0,15569.537326666668,2574.5446733333333
Turkey,2012,0.0,18.0,18.0,17070.939966666665,2555.27238
Turkey,2013,0.0,14.0,14.0,18855.1809,2536.544646666667
Turkey,2014,0.0,14.0,14.0,19690.2104,2535.6612266666666
Turkey,2015,0.0,0.0,0.0,19948.266113333335,2504.0618066666666
Turkey,2016,0.0,4.0,4.0,19839.22064666667,2490.61874
Turkey,2017,0.0,0.0,0.0,20086.69296,2476.752226666667
Uganda,2007,0.0,0.0,0.0,8077.907426666667,2590.5391333333328
Uganda,2014,0.0,0.0,0.0,13974.11768,2535.6612266666666
Ukraine,2012,22.0,0.0,-22.0,7636.094906666667,2555.27238
Ukraine,2014,0.0,0.0,0.0,7459.396786666668,2535.6612266666666
Ukraine,2015,0.0,17.0,17.0,6746.57018,2504.0618066666666
Ukraine,2016,0.0,151.0,151.0,6493.6465800000005,2490.61874
Ukraine,2017,0.0,141.0,141.0,6355.0828133333325,2476.752226666667
United Arab Emirates,2004,27.0,0.0,-27.0,657.70162,2560.370673333334
United Arab Emirates,2007,0.0,1.0,1.0,803.01704,2590.5391333333328
United Arab Emirates,2014,0.0,0.0,0.0,1082.7200599999999,2535.6612266666666
United Arab Emirates,2017,0.0,2.0,2.0,1151.7746333333334,2476.752226666667
United Kingdom,2000,0.0,154.125,154.125,22746.34184,2649.532733333333
United Kingdom,2001,0.0,47.333333333333336,47.333333333333336,21040.08105333333,2678.0058400000003
United Kingdom,2002,0.0,116.33333333333333,116.33333333333333,20555.800446666668,2650.8261
United Kingdom,2003,0.0,283.5,283.5,20654.681379999998,2606.023333333333
United Kingdom,2004,0.0,237.57142857142858,237.57142857142858,20641.382993333333,2560.370673333334
United Kingdom,2005,0.0,127.36363636363636,127.36363636363636,20595.78803333333,2580.698253333333
United Kingdom,2006,0.0,280.2307692307692,280.2307692307692,20288.81397333333,2594.24792
United Kingdom,2007,23.0,309.54545454545456,286.54545454545456,19816.121133333338,2590.5391333333328
United Kingdom,2008,0.0,262.25,262.25,19400.520193333334,2638.52696
United Kingdom,2009,0.0,243.15384615384616,243.15384615384616,18944.51656,2598.7933333333335
United Kingdom,2010,1.0,227.2,226.2,18952.4503,2592.8357599999995
United Kingdom,2011,0.0,149.30769230769232,149.30769230769232,18823.721519999996,2574.5446733333333
United Kingdom,2012,2.3333333333333335,78.42857142857143,76.0952380952381,18875.749173333337,2555.27238
United Kingdom,2013,7.666666666666667,93.27272727272727,85.6060606060606,18968.485433333335,2536.544646666667
United Kingdom,2014,0.0,74.46153846153847,74.46153846153847,19182.40305333333,2535.6612266666666
United Kingdom,2015,0.0,76.21428571428571,76.21428571428571,19255.67743333333,2504.0618066666666
United Kingdom,2016,0.0,74.92857142857143,74.92857142857143,19500.01198,2490.61874
United Kingdom,2017,0.0,100.08333333333333,100.08333333333333,19641.388226666666,2476.752226666667
United States of America,2000,0.0,292.3333333333333,292.3333333333333,132331.6628,2649.532733333333
United States of America,2001,0.0,315.7142857142857,315.7142857142857,131453.48139333332,2678.0058400000003
United States of America,2002,0.0,213.75,213.75,131075.55308666668,2650.8261
United States of America,2003,0.0,400.25,400.25,130810.80969333334,2606.023333333333
United States of America,2004,1.0,384.0,383.0,129807.25568666667,2560.370673333334
United States of America,2005,0.0,462.0,462.0,130632.9051,2580.698253333333
United States of America,2006,0.0,658.25,658.25,132821.70414666666,2594.24792
United States of America,2007,0.0,116.85714285714286,116.85714285714286,132919.71669333332,2590.5391333333328
United States of America,2008,0.0,128.0,128.0,133205.48021333333,2638.52696
United States of America,2009,0.0,81.16666666666667,81.16666666666667,131196.89476,2598.7933333333335
United States of America,2010,0.0,57.625,57.625,130479.02672,2592.8357599999995
United States of America,2011,0.0,109.0,109.0,129502.18098666667,2574.5446733333333
United States of America,2012,0.0,104.0,104.0,127674.96670666666,2555.27238
United States of America,2013,0.0,72.44444444444444,72.44444444444444,126293.42712,2536.544646666667
United States of America,2014,0.0,123.2,123.2,125017.07126666667,2535.6612266666666
United States of America,2015,0.0,67.44444444444444,67.44444444444444,125896.78360666668,2504.0618066666666
United States of America,2016,0.0,87.28571428571429,87.28571428571429,129374.27958,2490.61874
United States of America,2017,0.0,97.0,97.0,131610.01994,2476.752226666667
Uruguay,2000,0.0,165.5,165.5,13697.111546666667,2649.532733333333
Uruguay,2001,0.0,24.666666666666668,24.666666666666668,13868.5299,2678.0058400000003
Uruguay,2002,0.0,41.0,41.0,14368.430519999998,2650.8261
Uruguay,2003,0.0,45.5,45.5,14778.311026666666,2606.023333333333
Uruguay,2004,0.0,16.5,16.5,15028.408086666666,2560.370673333334
Uruguay,2005,0.0,32.666666666666664,32.666666666666664,15176.64199333333,2580.698253333333
Uruguay,2006,0.0,24.75,24.75,15793.704386666668,2594.24792
Uruguay,2007,0.0,38.5,38.5,15565.833553333336,2590.5391333333328
Uruguay,2008,0.0,552.0,552.0,15784.909653333332,2638.52696
Uruguay,2009,0.0,545.5,545.5,15473.00074,2598.7933333333335
Uruguay,2010,0.0,443.0,443.0,14584.100906666667,2592.8357599999995
Uruguay,2011,0.0,503.6666666666667,503.6666666666667,14571.437999999998,2574.5446733333333
Uruguay,2012,0.0,453.6,453.6,14212.062226666665,2555.27238
Uruguay,2013,0.0,655.25,655.25,14348.207053333334,2536.544646666667
Uruguay,2014,0.0,535.25,535.25,14594.774660000003,2535.6612266666666
Uruguay,2015,0.0,748.6666666666666,748.6666666666666,14610.576086666664,2504.0618066666666
Uruguay,2016,0.0,547.6666666666666,547.6666666666666,14687.036146666665,2490.61874
Uruguay,2017,0.0,289.0,289.0,14402.31164,2476.752226666667
Uzbekistan,2014,0.0,0.0,0.0,13490.67632,2535.6612266666666
Venezuela (Bolivarian Republic of),2010,0.0,0.0,0.0,17216.73864,2592.8357599999995
Viet Nam,2000,0.0,1.0,1.0,9027.86204,2649.532733333333
Viet Nam,2001,0.0,9.0,9.0,8878.696046666668,2678.0058400000003
Viet Nam,2002,0.0,8.5,8.5,9158.139006666668,2650.8261
Viet Nam,2003,0.0,5.0,5.0,9693.624733333334,2606.023333333333
Viet Nam,2004,0.0,5.5,5.5,10255.786666666667,2560.370673333334
Viet Nam,2005,0.0,0.5,0.5,11039.060906666666,2580.698253333333
Viet Nam,2009,0.0,19.0,19.0,11653.76604,2598.7933333333335
Viet Nam,2012,31.0,0.0,-31.0,10519.206739999998,2555.27238
Viet Nam,2013,37.0,4.0,-33.0,10388.834753333333,2536.544646666667
Viet Nam,2014,41.0,0.0,-41.0,10514.426973333331,2535.6612266666666
Viet Nam,2015,68.0,2.5,-65.5,10815.35252,2504.0618066666666
Viet Nam,2016,71.0,5.0,-66.0,11066.28174,2490.61874
Viet Nam,2017,76.0,0.0,-76.0,11202.99082,2476.752226666667
Zimbabwe,2000,0.0,37.333333333333336,37.333333333333336,5741.705573333333,2649.532733333333
Zimbabwe,2001,0.0,39.0,39.0,5888.833053333333,2678.0058400000003
Zimbabwe,2002,0.0,14.0,14.0,5337.795573333333,2650.8261
Zimbabwe,2003,0.0,2.5,2.5,5119.300786666667,2606.023333333333
Zimbabwe,2004,0.0,8.5,8.5,4966.17422,2560.370673333334
Zimbabwe,2005,0.0,17.0,17.0,4970.404953333334,2580.698253333333
Zimbabwe,2006,0.0,2.0,2.0,4810.503886666666,2594.24792
Zimbabwe,2007,0.0,4.0,4.0,4868.95308,2590.5391333333328
Zimbabwe,2012,0.0,1.0,1.0,5915.407726666666,2555.27238
Zimbabwe,2013,0.0,2.0,2.0,5968.3794333333335,2536.544646666667
Zimbabwe,2014,0.0,2.0,2.0,4830.453526666666,2535.6612266666666
Zimbabwe,2015,0.0,2.0,2.0,4910.55522,2504.0618066666666
Zimbabwe,2016,0.0,4.0,4.0,5488.609306666666,2490.61874
Zimbabwe,2017,0.0,1.0,1.0,5491.5549599999995,2476.752226666667
